Sample,Time_us,Raw_u16,Voltage_V
0,214,11426,0.575354
1,1013,11618,0.585022
2,2014,11842,0.596301
3,3010,12130,0.610803
4,4014,12547,0.631801
5,5010,12979,0.653555
6,6014,13395,0.674502
7,7011,13651,0.687393
8,8015,13715,0.690616
9,9012,13619,0.685782
10,10009,13491,0.679336
11,11013,13331,0.671279
12,12010,13283,0.668862
13,13014,13379,0.673696
14,14010,13603,0.684976
15,15014,13923,0.701090
16,16010,14179,0.713980
17,17009,14355,0.722843
18,18013,14339,0.722037
19,19010,14163,0.713175
20,20013,13923,0.701090
21,21010,13715,0.690616
22,22014,13603,0.684976
23,23010,13667,0.688199
24,24014,13859,0.697867
25,25013,14131,0.711563
26,26010,14387,0.724454
27,27014,14515,0.730900
28,28011,14483,0.729288
29,29014,14307,0.720426
30,30011,14051,0.707535
31,31015,13827,0.696255
32,32011,13699,0.689810
33,33012,13731,0.691421
34,34014,13923,0.701090
35,35010,14179,0.713980
36,36014,14435,0.726871
37,37011,14563,0.733317
38,38014,14531,0.731705
39,39011,14355,0.722843
40,40015,14083,0.709146
41,41009,13843,0.697061
42,42013,13715,0.690616
43,43010,13747,0.692227
44,44014,13939,0.701895
45,45010,14195,0.714786
46,46014,14435,0.726871
47,47011,14563,0.733317
48,48014,14531,0.731705
49,49011,14355,0.722843
50,50011,14067,0.708341
51,51008,13843,0.697061
52,52012,13715,0.690616
53,53009,13763,0.693033
54,54013,13923,0.701090
55,55009,14211,0.715592
56,56013,14451,0.727677
57,57008,14563,0.733317
58,58015,14515,0.730900
59,59011,14307,0.720426
60,60015,14067,0.708341
61,61012,13811,0.695450
62,62008,13667,0.688199
63,63012,13731,0.691421
64,64008,13907,0.700284
65,65010,14163,0.713175
66,66009,14419,0.726065
67,67013,14547,0.732511
68,68009,14531,0.731705
69,69013,14339,0.722037
70,70010,14051,0.707535
71,71014,13827,0.696255
72,72010,13683,0.689004
73,73012,13731,0.691421
74,74010,13891,0.699478
75,75014,14179,0.713980
76,76010,14435,0.726871
77,77014,14563,0.733317
78,78011,14531,0.731705
79,79014,14339,0.722037
80,80011,14067,0.708341
81,81013,13827,0.696255
82,82011,13699,0.689810
83,83015,13763,0.693033
84,84011,13939,0.701895
85,85008,14211,0.715592
86,86012,14451,0.727677
87,87008,14563,0.733317
88,88012,14547,0.732511
89,89015,14355,0.722843
90,90014,14083,0.709146
91,91011,13843,0.697061
92,92014,13715,0.690616
93,93011,13747,0.692227
94,94015,13955,0.702701
95,95011,14195,0.714786
96,96015,14451,0.727677
97,97010,14563,0.733317
98,98009,14547,0.732511
99,99013,14355,0.722843
100,100009,14067,0.708341
101,101013,13859,0.697867
102,102010,13715,0.690616
103,103014,13763,0.693033
104,104010,13939,0.701895
105,105012,14211,0.715592
106,106009,14451,0.727677
107,107012,14579,0.734122
108,108009,14531,0.731705
109,109013,14355,0.722843
110,110009,14067,0.708341
111,111013,13827,0.696255
112,112010,13699,0.689810
113,113012,13747,0.692227
114,114009,13939,0.701895
115,115012,14211,0.715592
116,116009,14451,0.727677
117,117013,14595,0.734928
118,118009,14531,0.731705
119,119013,14355,0.722843
120,120010,14099,0.709952
121,121009,13843,0.697061
122,122014,13715,0.690616
123,123011,13763,0.693033
124,124015,13955,0.702701
125,125011,14195,0.714786
126,126015,14467,0.728482
127,127012,14563,0.733317
128,128008,14547,0.732511
129,129010,14371,0.723648
130,130009,14099,0.709952
131,131012,13859,0.697867
132,132009,13715,0.690616
133,133013,13763,0.693033
134,134009,13939,0.701895
135,135013,14211,0.715592
136,136010,14451,0.727677
137,137011,14579,0.734122
138,138015,14547,0.732511
139,139011,14355,0.722843
140,140008,14099,0.709952
141,141012,13843,0.697061
142,142008,13731,0.691421
143,143012,13763,0.693033
144,144009,13939,0.701895
145,145012,14211,0.715592
146,146010,14451,0.727677
147,147014,14579,0.734122
148,148010,14547,0.732511
149,149014,14355,0.722843
150,150011,14099,0.709952
151,151015,13859,0.697867
152,152011,13731,0.691421
153,153010,13763,0.693033
154,154014,13955,0.702701
155,155011,14195,0.714786
156,156014,14451,0.727677
157,157011,14579,0.734122
158,158015,14531,0.731705
159,159011,14355,0.722843
160,160015,14083,0.709146
161,161009,13859,0.697867
162,162008,13715,0.690616
163,163012,13763,0.693033
164,164009,13939,0.701895
165,165012,14211,0.715592
166,166009,14451,0.727677
167,167013,14579,0.734122
168,168009,14547,0.732511
169,169009,14355,0.722843
170,170014,14083,0.709146
171,171010,13859,0.697867
172,172014,13731,0.691421
173,173011,13763,0.693033
174,174015,13955,0.702701
175,175011,14211,0.715592
176,176015,14451,0.727677
177,177013,14563,0.733317
178,178012,14531,0.731705
179,179010,14355,0.722843
180,180014,14051,0.707535
181,181011,13827,0.696255
182,182015,13731,0.691421
183,183011,13747,0.692227
184,184015,13923,0.701090
185,185013,14195,0.714786
186,186013,14451,0.727677
187,187010,14563,0.733317
188,188013,14547,0.732511
189,189010,14355,0.722843
190,190014,14083,0.709146
191,191010,13843,0.697061
192,192014,13715,0.690616
193,193012,13763,0.693033
194,194010,13939,0.701895
195,195013,14195,0.714786
196,196010,14419,0.726065
197,197014,14579,0.734122
198,198010,14499,0.730094
199,199014,14355,0.722843
200,200011,14083,0.709146
201,201008,13843,0.697061
202,202013,13523,0.680948
203,203010,13747,0.692227
204,204013,13939,0.701895
205,205010,14179,0.713980
206,206014,14435,0.726871
207,207010,14579,0.734122
208,208014,14547,0.732511
209,209012,14355,0.722843
210,210009,14083,0.709146
211,211013,13843,0.697061
212,212010,13715,0.690616
213,213014,13731,0.691421
214,214010,13923,0.701090
215,215014,14211,0.715592
216,216010,14435,0.726871
217,217010,14579,0.734122
218,218008,14531,0.731705
219,219012,14355,0.722843
220,220009,14083,0.709146
221,221013,13843,0.697061
222,222009,13715,0.690616
223,223013,13747,0.692227
224,224009,13939,0.701895
225,225027,14195,0.714786
226,226014,14451,0.727677
227,227011,14563,0.733317
228,228008,14547,0.732511
229,229012,14371,0.723648
230,230008,14099,0.709952
231,231012,13859,0.697867
232,232009,13715,0.690616
233,233011,13747,0.692227
234,234008,13939,0.701895
235,235012,14211,0.715592
236,236009,14451,0.727677
237,237013,14563,0.733317
238,238009,14531,0.731705
239,239013,14355,0.722843
240,240010,14083,0.709146
241,241011,13843,0.697061
242,242008,13715,0.690616
243,243012,13763,0.693033
244,244009,13923,0.701090
245,245013,14211,0.715592
246,246009,14451,0.727677
247,247013,14595,0.734928
248,248009,14547,0.732511
249,249009,14339,0.722037
250,250014,14083,0.709146
251,251011,13843,0.697061
252,252015,13731,0.691421
253,253011,13763,0.693033
254,254008,13939,0.701895
255,255012,14211,0.715592
256,256008,14435,0.726871
257,257009,14579,0.734122
258,258015,14547,0.732511
259,259011,14355,0.722843
260,260015,14083,0.709146
261,261011,13843,0.697061
262,262008,13715,0.690616
263,263012,13763,0.693033
264,264008,13939,0.701895
265,265009,14195,0.714786
266,266014,14451,0.727677
267,267010,14579,0.734122
268,268014,14547,0.732511
269,269011,14355,0.722843
270,270014,14099,0.709952
271,271011,13859,0.697867
272,272015,13715,0.690616
273,273014,13763,0.693033
274,274011,13955,0.702701
275,275008,14211,0.715592
276,276012,14451,0.727677
277,277008,14579,0.734122
278,278012,14547,0.732511
279,279009,14355,0.722843
280,280012,14099,0.709952
281,281014,13859,0.697867
282,282011,13731,0.691421
283,283008,13779,0.693838
284,284012,13955,0.702701
285,285008,14211,0.715592
286,286012,14467,0.728482
287,287009,14579,0.734122
288,288012,14547,0.732511
289,289014,14355,0.722843
290,290013,14099,0.709952
291,291009,13859,0.697867
292,292013,13731,0.691421
293,293010,13731,0.691421
294,294013,13939,0.701895
295,295010,14179,0.713980
296,296014,14435,0.726871
297,297014,14579,0.734122
298,298012,14499,0.730094
299,299008,14339,0.722037
300,300012,14067,0.708341
301,301009,13827,0.696255
302,302012,13715,0.690616
303,303009,13715,0.690616
304,304013,13907,0.700284
305,305014,14179,0.713980
306,306011,14419,0.726065
307,307015,14547,0.732511
308,308011,14515,0.730900
309,309015,14355,0.722843
310,310011,14051,0.707535
311,311008,13811,0.695450
312,312012,13715,0.690616
313,313013,13747,0.692227
314,314011,13923,0.701090
315,315015,14179,0.713980
316,316011,14403,0.725260
317,317015,14547,0.732511
318,318011,14531,0.731705
319,319008,14355,0.722843
320,320012,14083,0.709146
321,321014,13827,0.696255
322,322012,13715,0.690616
323,323010,13747,0.692227
324,324014,13955,0.702701
325,325010,14195,0.714786
326,326014,14451,0.727677
327,327011,14579,0.734122
328,328014,14547,0.732511
329,329009,14355,0.722843
330,330014,14083,0.709146
331,331011,13843,0.697061
332,332015,13731,0.691421
333,333011,13747,0.692227
334,334015,13955,0.702701
335,335012,14211,0.715592
336,336008,14451,0.727677
337,337015,14579,0.734122
338,338014,14547,0.732511
339,339010,14355,0.722843
340,340014,14099,0.709952
341,341011,13859,0.697867
342,342014,13715,0.690616
343,343011,13763,0.693033
344,344015,13955,0.702701
345,345012,14211,0.715592
346,346009,14451,0.727677
347,347013,14579,0.734122
348,348009,14531,0.731705
349,349013,14355,0.722843
350,350010,14083,0.709146
351,351014,13843,0.697061
352,352010,13731,0.691421
353,353010,13763,0.693033
354,354009,13939,0.701895
355,355013,14211,0.715592
356,356009,14451,0.727677
357,357013,14579,0.734122
358,358010,14547,0.732511
359,359013,14371,0.723648
360,360010,14083,0.709146
361,361015,13843,0.697061
362,362012,13715,0.690616
363,363009,13747,0.692227
364,364013,13939,0.701895
365,365009,14195,0.714786
366,366013,14435,0.726871
367,367009,14563,0.733317
368,368013,14547,0.732511
369,369010,14355,0.722843
370,370008,14083,0.709146
371,371012,13859,0.697867
372,372009,13715,0.690616
373,373012,13747,0.692227
374,374009,13939,0.701895
375,375013,14211,0.715592
376,376009,14435,0.726871
377,377014,14579,0.734122
378,378011,14547,0.732511
379,379015,14355,0.722843
380,380011,14083,0.709146
381,381008,13843,0.697061
382,382012,13715,0.690616
383,383008,13763,0.693033
384,384012,13955,0.702701
385,385009,14195,0.714786
386,386008,14467,0.728482
387,387012,14595,0.734928
388,388008,14547,0.732511
389,389012,14371,0.723648
390,390008,14083,0.709146
391,391012,13859,0.697867
392,392009,13715,0.690616
393,393013,13763,0.693033
394,394010,13955,0.702701
395,395014,14211,0.715592
396,396011,14451,0.727677
397,397015,14579,0.734122
398,398011,14547,0.732511
399,399015,14355,0.722843
400,400011,14083,0.709146
401,401009,13843,0.697061
402,402013,13731,0.691421
403,403010,13763,0.693033
404,404013,13955,0.702701
405,405010,14195,0.714786
406,406014,14451,0.727677
407,407010,14563,0.733317
408,408014,14547,0.732511
409,409012,14355,0.722843
410,410010,14083,0.709146
411,411014,13843,0.697061
412,412011,13715,0.690616
413,413015,13763,0.693033
414,414011,13939,0.701895
415,415015,14211,0.715592
416,416012,14435,0.726871
417,417015,14563,0.733317
418,418014,14499,0.730094
419,419011,14339,0.722037
420,420015,14083,0.709146
421,421011,13843,0.697061
422,422015,13715,0.690616
423,423012,13763,0.693033
424,424008,13939,0.701895
425,425015,14195,0.714786
426,426014,14451,0.727677
427,427010,14579,0.734122
428,428014,14531,0.731705
429,429011,14339,0.722037
430,430014,14083,0.709146
431,431011,13843,0.697061
432,432015,13715,0.690616
433,433012,13747,0.692227
434,434009,13939,0.701895
435,435013,14211,0.715592
436,436009,14435,0.726871
437,437013,14579,0.734122
438,438009,14531,0.731705
439,439013,14371,0.723648
440,440010,14083,0.709146
441,441008,13859,0.697867
442,442013,13715,0.690616
443,443010,13763,0.693033
444,444013,13955,0.702701
445,445010,14195,0.714786
446,446014,14451,0.727677
447,447010,14579,0.734122
448,448014,14547,0.732511
449,449014,14371,0.723648
450,450011,14099,0.709952
451,451014,13843,0.697061
452,452011,13731,0.691421
453,453015,13747,0.692227
454,454011,13939,0.701895
455,455015,14211,0.715592
456,456012,14467,0.728482
457,457010,14563,0.733317
458,458009,14531,0.731705
459,459012,14355,0.722843
460,460009,14083,0.709146
461,461013,13843,0.697061
462,462009,13715,0.690616
463,463013,13763,0.693033
464,464010,13939,0.701895
465,465009,14195,0.714786
466,466008,14451,0.727677
467,467013,14579,0.734122
468,468009,14531,0.731705
469,469013,14355,0.722843
470,470009,14099,0.709952
471,471013,13843,0.697061
472,472010,13715,0.690616
473,473010,13763,0.693033
474,474008,13939,0.701895
475,475012,14211,0.715592
476,476008,14435,0.726871
477,477012,14579,0.734122
478,478009,14547,0.732511
479,479013,14355,0.722843
480,480009,14083,0.709146
481,481043,13747,0.692227
482,482011,13731,0.691421
483,483008,13747,0.692227
484,484012,13955,0.702701
485,485009,14211,0.715592
486,486013,14467,0.728482
487,487009,14595,0.734928
488,488013,14547,0.732511
489,489012,14355,0.722843
490,490009,14099,0.709952
491,491012,13859,0.697867
492,492009,13715,0.690616
493,493013,13779,0.693838
494,494009,13955,0.702701
495,495013,14211,0.715592
496,496010,14451,0.727677
497,497012,14579,0.734122
498,498010,14531,0.731705
499,499014,14355,0.722843
500,500011,14083,0.709146
501,501014,13843,0.697061
502,502011,13731,0.691421
503,503015,13763,0.693033
504,504011,13939,0.701895
505,505011,14195,0.714786
506,506009,14435,0.726871
507,507013,14579,0.734122
508,508009,14547,0.732511
509,509013,14355,0.722843
510,510009,14083,0.709146
511,511013,13859,0.697867
512,512010,13715,0.690616
513,513011,13747,0.692227
514,514010,13923,0.701090
515,515014,14211,0.715592
516,516010,14435,0.726871
517,517014,14579,0.734122
518,518011,14531,0.731705
519,519015,14355,0.722843
520,520011,14067,0.708341
521,521012,13827,0.696255
522,522009,13715,0.690616
523,523013,13747,0.692227
524,524010,13923,0.701090
525,525014,14211,0.715592
526,526010,14435,0.726871
527,527014,14579,0.734122
528,528011,14547,0.732511
529,529012,14355,0.722843
530,530009,14083,0.709146
531,531012,13859,0.697867
532,532009,13715,0.690616
533,533013,13763,0.693033
534,534009,13939,0.701895
535,535013,14211,0.715592
536,536010,14467,0.728482
537,537011,14563,0.733317
538,538008,14547,0.732511
539,539012,14355,0.722843
540,540008,14083,0.709146
541,541012,13843,0.697061
542,542009,13715,0.690616
543,543013,13763,0.693033
544,544009,13923,0.701090
545,545039,14211,0.715592
546,546010,14435,0.726871
547,547015,14579,0.734122
548,548012,14531,0.731705
549,549008,14355,0.722843
550,550012,14099,0.709952
551,551008,13859,0.697867
552,552012,13715,0.690616
553,553015,13747,0.692227
554,554013,13955,0.702701
555,555009,14211,0.715592
556,556013,14435,0.726871
557,557010,14563,0.733317
558,558014,14547,0.732511
559,559010,14355,0.722843
560,560014,14099,0.709952
561,561010,13843,0.697061
562,562009,13715,0.690616
563,563013,13747,0.692227
564,564009,13939,0.701895
565,565013,14211,0.715592
566,566009,14451,0.727677
567,567013,14579,0.734122
568,568010,14547,0.732511
569,569013,14371,0.723648
570,570011,14083,0.709146
571,571015,13843,0.697061
572,572011,13715,0.690616
573,573015,13747,0.692227
574,574012,13939,0.701895
575,575008,14195,0.714786
576,576012,14467,0.728482
577,577015,14563,0.733317
578,578012,14547,0.732511
579,579008,14371,0.723648
580,580012,14083,0.709146
581,581008,13843,0.697061
582,582012,13715,0.690616
583,583009,13747,0.692227
584,584013,13939,0.701895
585,585009,14195,0.714786
586,586015,14435,0.726871
587,587012,14563,0.733317
588,588008,14531,0.731705
589,589012,14339,0.722037
590,590009,14083,0.709146
591,591012,13843,0.697061
592,592009,13715,0.690616
593,593009,13731,0.691421
594,594014,13939,0.701895
595,595011,14227,0.716397
596,596015,14467,0.728482
597,597011,14579,0.734122
598,598015,14547,0.732511
599,599012,14355,0.722843
600,600008,14083,0.709146
601,601012,13843,0.697061
602,602009,13731,0.691421
603,603013,13763,0.693033
604,604009,13939,0.701895
605,605013,14211,0.715592
606,606010,14435,0.726871
607,607013,14563,0.733317
608,608010,14547,0.732511
609,609014,14355,0.722843
610,610012,14083,0.709146
611,611008,13843,0.697061
612,612012,13715,0.690616
613,613009,13747,0.692227
614,614012,13923,0.701090
615,615009,14195,0.714786
616,616013,14467,0.728482
617,617011,14579,0.734122
618,618009,14531,0.731705
619,619013,14355,0.722843
620,620010,14083,0.709146
621,621014,13843,0.697061
622,622010,13715,0.690616
623,623014,13731,0.691421
624,624010,13923,0.701090
625,625015,14195,0.714786
626,626013,14435,0.726871
627,627010,14563,0.733317
628,628014,14531,0.731705
629,629010,14355,0.722843
630,630014,14067,0.708341
631,631011,13843,0.697061
632,632014,13715,0.690616
633,633012,13747,0.692227
634,634009,13923,0.701090
635,635013,14211,0.715592
636,636010,14435,0.726871
637,637014,14579,0.734122
638,638010,14531,0.731705
639,639014,14355,0.722843
640,640011,14083,0.709146
641,641009,13843,0.697061
642,642013,13715,0.690616
643,643010,13747,0.692227
644,644014,13939,0.701895
645,645010,14195,0.714786
646,646014,14451,0.727677
647,647010,14563,0.733317
648,648014,14531,0.731705
649,649013,14355,0.722843
650,650010,14083,0.709146
651,651014,13843,0.697061
652,652010,13715,0.690616
653,653014,13747,0.692227
654,654010,13955,0.702701
655,655014,14211,0.715592
656,656011,14435,0.726871
657,657010,14563,0.733317
658,658009,14547,0.732511
659,659013,14339,0.722037
660,660009,14083,0.709146
661,661013,13859,0.697867
662,662010,13715,0.690616
663,663014,13747,0.692227
664,664010,13939,0.701895
665,665008,14195,0.714786
666,666013,14435,0.726871
667,667010,14579,0.734122
668,668014,14547,0.732511
669,669010,14355,0.722843
670,670014,14083,0.709146
671,671011,13843,0.697061
672,672015,13715,0.690616
673,673012,13763,0.693033
674,674013,13923,0.701090
675,675009,14211,0.715592
676,676013,14435,0.726871
677,677010,14579,0.734122
678,678014,14531,0.731705
679,679010,14339,0.722037
680,680014,14083,0.709146
681,681012,13843,0.697061
682,682008,13715,0.690616
683,683012,13763,0.693033
684,684009,13923,0.701090
685,685013,14211,0.715592
686,686009,14435,0.726871
687,687013,14579,0.734122
688,688009,14515,0.730900
689,689009,14355,0.722843
690,690008,14083,0.709146
691,691012,13859,0.697867
692,692008,13715,0.690616
693,693012,13747,0.692227
694,694009,13923,0.701090
695,695012,14211,0.715592
696,696009,14435,0.726871
697,697008,14563,0.733317
698,698014,14531,0.731705
699,699011,14339,0.722037
700,700014,14083,0.709146
701,701011,13827,0.696255
702,702015,13715,0.690616
703,703011,13747,0.692227
704,704015,13939,0.701895
705,705015,14195,0.714786
706,706013,14435,0.726871
707,707010,14563,0.733317
708,708014,14531,0.731705
709,709010,14355,0.722843
710,710014,14083,0.709146
711,711011,13843,0.697061
712,712014,13715,0.690616
713,713015,13747,0.692227
714,714013,13939,0.701895
715,715009,14195,0.714786
716,716013,14435,0.726871
717,717010,14563,0.733317
718,718014,14547,0.732511
719,719010,14355,0.722843
720,720014,14083,0.709146
721,721013,13859,0.697867
722,722010,13715,0.690616
723,723014,13747,0.692227
724,724010,13923,0.701090
725,725014,14163,0.713175
726,726011,14435,0.726871
727,727014,14563,0.733317
728,728011,14531,0.731705
729,729012,14339,0.722037
730,730012,14067,0.708341
731,731009,13843,0.697061
732,732013,13715,0.690616
733,733009,13747,0.692227
734,734013,13939,0.701895
735,735009,14195,0.714786
736,736013,14451,0.727677
737,737019,14563,0.733317
738,738010,14531,0.731705
739,739014,14355,0.722843
740,740010,14067,0.708341
741,741014,13843,0.697061
742,742011,13715,0.690616
743,743015,13747,0.692227
744,744011,13939,0.701895
745,745015,14179,0.713980
746,746012,14419,0.726065
747,747008,14579,0.734122
748,748012,14547,0.732511
749,749009,14355,0.722843
750,750013,14083,0.709146
751,751009,13843,0.697061
752,752013,13731,0.691421
753,753014,13747,0.692227
754,754013,13955,0.702701
755,755009,14211,0.715592
756,756013,14451,0.727677
757,757010,14563,0.733317
758,758014,14531,0.731705
759,759010,14355,0.722843
760,760014,14083,0.709146
761,761008,13827,0.696255
762,762012,13715,0.690616
763,763009,13747,0.692227
764,764013,13955,0.702701
765,765009,14195,0.714786
766,766013,14467,0.728482
767,767009,14563,0.733317
768,768013,14531,0.731705
769,769015,14339,0.722037
770,770014,14083,0.709146
771,771010,13843,0.697061
772,772014,13715,0.690616
773,773010,13747,0.692227
774,774014,13923,0.701090
775,775011,14211,0.715592
776,776015,14435,0.726871
777,777010,14563,0.733317
778,778008,14531,0.731705
779,779012,14355,0.722843
780,780009,14083,0.709146
781,781012,13859,0.697867
782,782009,13715,0.690616
783,783013,13763,0.693033
784,784009,13923,0.701090
785,785012,14195,0.714786
786,786009,14435,0.726871
787,787013,14579,0.734122
788,788009,14547,0.732511
789,789013,14355,0.722843
790,790010,14083,0.709146
791,791013,13859,0.697867
792,792010,13715,0.690616
793,793013,13763,0.693033
794,794009,13939,0.701895
795,795013,14211,0.715592
796,796010,14451,0.727677
797,797014,14563,0.733317
798,798010,14531,0.731705
799,799014,14355,0.722843
800,800010,14083,0.709146
801,801014,13859,0.697867
802,802015,13731,0.691421
803,803013,13763,0.693033
804,804010,13939,0.701895
805,805014,14211,0.715592
806,806010,14451,0.727677
807,807014,14579,0.734122
808,808010,14531,0.731705
809,809015,14355,0.722843
810,810013,14083,0.709146
811,811009,13843,0.697061
812,812013,13715,0.690616
813,813010,13747,0.692227
814,814013,13955,0.702701
815,815010,14211,0.715592
816,816014,14467,0.728482
817,817011,14579,0.734122
818,818009,14531,0.731705
819,819013,14355,0.722843
820,820010,14083,0.709146
821,821014,13843,0.697061
822,822010,13715,0.690616
823,823014,13747,0.692227
824,824011,13939,0.701895
825,825015,14195,0.714786
826,826011,14451,0.727677
827,827008,14547,0.732511
828,828012,14531,0.731705
829,829008,14339,0.722037
830,830012,14083,0.709146
831,831009,13827,0.696255
832,832012,13731,0.691421
833,833009,13747,0.692227
834,834014,13923,0.701090
835,835010,14195,0.714786
836,836014,14451,0.727677
837,837011,14579,0.734122
838,838015,14547,0.732511
839,839011,14339,0.722037
840,840015,14083,0.709146
841,841011,13843,0.697061
842,842009,13715,0.690616
843,843013,13747,0.692227
844,844010,13923,0.701090
845,845013,14211,0.715592
846,846010,14435,0.726871
847,847014,14579,0.734122
848,848010,14531,0.731705
849,849015,14355,0.722843
850,850014,14083,0.709146
851,851011,13843,0.697061
852,852015,13715,0.690616
853,853011,13763,0.693033
854,854008,13923,0.701090
855,855012,14195,0.714786
856,856008,14451,0.727677
857,857014,14563,0.733317
858,858011,14531,0.731705
859,859015,14355,0.722843
860,860012,14083,0.709146
861,861008,13827,0.696255
862,862012,13715,0.690616
863,863008,13747,0.692227
864,864012,13955,0.702701
865,865009,14195,0.714786
866,866011,14451,0.727677
867,867015,14563,0.733317
868,868011,14547,0.732511
869,869008,14355,0.722843
870,870012,14083,0.709146
871,871008,13843,0.697061
872,872012,13731,0.691421
873,873010,13763,0.693033
874,874015,13939,0.701895
875,875011,14179,0.713980
876,876015,14387,0.724454
877,877012,14547,0.732511
878,878008,14531,0.731705
879,879012,14323,0.721231
880,880008,14051,0.707535
881,881014,13827,0.696255
882,882014,13667,0.688199
883,883011,13747,0.692227
884,884015,13923,0.701090
885,885012,14163,0.713175
886,886008,14419,0.726065
887,887012,14547,0.732511
888,888008,14499,0.730094
889,889014,14339,0.722037
890,890011,14067,0.708341
891,891015,13811,0.695450
892,892012,13699,0.689810
893,893008,13747,0.692227
894,894012,13955,0.702701
895,895008,14195,0.714786
896,896012,14451,0.727677
897,897011,14579,0.734122
898,898008,14531,0.731705
899,899012,14371,0.723648
900,900008,14083,0.709146
901,901012,13859,0.697867
902,902009,13715,0.690616
903,903012,13763,0.693033
904,904009,13939,0.701895
905,905015,14211,0.715592
906,906012,14403,0.725260
907,907008,14547,0.732511
908,908012,14547,0.732511
909,909009,14355,0.722843
910,910013,14083,0.709146
911,911009,13843,0.697061
912,912013,13715,0.690616
913,913013,13747,0.692227
914,914010,13923,0.701090
915,915014,14211,0.715592
916,916010,14451,0.727677
917,917014,14563,0.733317
918,918011,14563,0.733317
919,919014,14355,0.722843
920,920011,14083,0.709146
921,921011,13843,0.697061
922,922009,13715,0.690616
923,923012,13763,0.693033
924,924009,13939,0.701895
925,925013,14211,0.715592
926,926009,14435,0.726871
927,927013,14579,0.734122
928,928010,14531,0.731705
929,929013,14339,0.722037
930,930011,14083,0.709146
931,931015,13827,0.696255
932,932011,13699,0.689810
933,933008,13731,0.691421
934,934012,13907,0.700284
935,935008,14099,0.709952
936,936012,14419,0.726065
937,937013,14563,0.733317
938,938010,14531,0.731705
939,939013,14355,0.722843
940,940010,14067,0.708341
941,941014,13811,0.695450
942,942010,13715,0.690616
943,943014,13731,0.691421
944,944011,13891,0.699478
945,945011,14179,0.713980
946,946008,14435,0.726871
947,947012,14547,0.732511
948,948008,14531,0.731705
949,949012,14355,0.722843
950,950009,14051,0.707535
951,951012,13827,0.696255
952,952009,13667,0.688199
953,953009,13731,0.691421
954,954014,13907,0.700284
955,955010,14179,0.713980
956,956014,14419,0.726065
957,957011,14563,0.733317
958,958014,14531,0.731705
959,959011,14355,0.722843
960,960015,14083,0.709146
961,961008,13843,0.697061
962,962013,13731,0.691421
963,963010,13747,0.692227
964,964014,13939,0.701895
965,965010,14195,0.714786
966,966014,14435,0.726871
967,967010,14563,0.733317
968,968014,14547,0.732511
969,969015,14355,0.722843
970,970012,14083,0.709146
971,971008,13843,0.697061
972,972012,13715,0.690616
973,973009,13747,0.692227
974,974013,13955,0.702701
975,975009,14195,0.714786
976,976013,14435,0.726871
977,977014,14563,0.733317
978,978012,14531,0.731705
979,979008,14355,0.722843
980,980012,14083,0.709146
981,981009,13843,0.697061
982,982012,13731,0.691421
983,983009,13747,0.692227
984,984013,13923,0.701090
985,985015,14195,0.714786
986,986011,14435,0.726871
987,987008,14563,0.733317
988,988012,14547,0.732511
989,989008,14355,0.722843
990,990012,14067,0.708341
991,991009,13843,0.697061
992,992012,13715,0.690616
993,993021,13715,0.690616
994,994008,13939,0.701895
995,995013,14195,0.714786
996,996010,14435,0.726871
997,997014,14579,0.734122
998,998010,14547,0.732511
999,999014,14355,0.722843
1000,1000011,14083,0.709146
1001,1001009,13843,0.697061
1002,1002009,13715,0.690616
1003,1003013,13747,0.692227
1004,1004009,13923,0.701090
1005,1005013,14211,0.715592
1006,1006009,14451,0.727677
1007,1007013,14579,0.734122
1008,1008010,14531,0.731705
1009,1009014,14355,0.722843
1010,1010012,14083,0.709146
1011,1011008,13843,0.697061
1012,1012012,13715,0.690616
1013,1013009,13747,0.692227
1014,1014013,13939,0.701895
1015,1015009,14195,0.714786
1016,1016013,14467,0.728482
1017,1017009,14579,0.734122
1018,1018008,14531,0.731705
1019,1019013,14355,0.722843
1020,1020010,14083,0.709146
1021,1021013,13859,0.697867
1022,1022010,13715,0.690616
1023,1023014,13747,0.692227
1024,1024010,13923,0.701090
1025,1025014,14211,0.715592
1026,1026011,14451,0.727677
1027,1027008,14563,0.733317
1028,1028012,14563,0.733317
1029,1029008,14339,0.722037
1030,1030012,14083,0.709146
1031,1031009,13827,0.696255
1032,1032013,13731,0.691421
1033,1033012,13747,0.692227
1034,1034009,13923,0.701090
1035,1035013,14163,0.713175
1036,1036010,14435,0.726871
1037,1037014,14563,0.733317
1038,1038010,14531,0.731705
1039,1039014,14339,0.722037
1040,1040011,14067,0.708341
1041,1041015,13827,0.696255
1042,1042014,13715,0.690616
1043,1043010,13747,0.692227
1044,1044014,13923,0.701090
1045,1045011,14195,0.714786
1046,1046014,14435,0.726871
1047,1047011,14563,0.733317
1048,1048015,14531,0.731705
1049,1049011,14339,0.722037
1050,1050015,14083,0.709146
1051,1051012,13843,0.697061
1052,1052008,13699,0.689810
1053,1053012,13763,0.693033
1054,1054008,13923,0.701090
1055,1055012,14195,0.714786
1056,1056009,14435,0.726871
1057,1057010,14563,0.733317
1058,1058009,14531,0.731705
1059,1059014,14339,0.722037
1060,1060010,14083,0.709146
1061,1061014,13827,0.696255
1062,1062011,13715,0.690616
1063,1063015,13747,0.692227
1064,1064011,13923,0.701090
1065,1065009,14195,0.714786
1066,1066013,14435,0.726871
1067,1067010,14563,0.733317
1068,1068013,14531,0.731705
1069,1069010,14355,0.722843
1070,1070014,14083,0.709146
1071,1071010,13843,0.697061
1072,1072014,13731,0.691421
1073,1073011,13763,0.693033
1074,1074008,13923,0.701090
1075,1075012,14211,0.715592
1076,1076008,14435,0.726871
1077,1077012,14579,0.734122
1078,1078009,14531,0.731705
1079,1079012,14355,0.722843
1080,1080009,14083,0.709146
1081,1081013,13827,0.696255
1082,1082012,13715,0.690616
1083,1083008,13747,0.692227
1084,1084012,13939,0.701895
1085,1085008,14195,0.714786
1086,1086012,14451,0.727677
1087,1087009,14579,0.734122
1088,1088013,14547,0.732511
1089,1089010,14355,0.722843
1090,1090015,14067,0.708341
1091,1091012,13827,0.696255
1092,1092008,13715,0.690616
1093,1093012,13763,0.693033
1094,1094009,13923,0.701090
1095,1095012,14195,0.714786
1096,1096009,14435,0.726871
1097,1097014,14579,0.734122
1098,1098011,14531,0.731705
1099,1099015,14355,0.722843
1100,1100012,14083,0.709146
1101,1101008,13827,0.696255
1102,1102012,13731,0.691421
1103,1103008,13747,0.692227
1104,1104012,13939,0.701895
1105,1105010,14211,0.715592
1106,1106014,14435,0.726871
1107,1107010,14563,0.733317
1108,1108014,14547,0.732511
1109,1109011,14355,0.722843
1110,1110015,14083,0.709146
1111,1111011,13827,0.696255
1112,1112015,13715,0.690616
1113,1113013,13747,0.692227
1114,1114011,13939,0.701895
1115,1115015,14211,0.715592
1116,1116011,14451,0.727677
1117,1117008,14563,0.733317
1118,1118012,14547,0.732511
1119,1119008,14355,0.722843
1120,1120012,14099,0.709952
1121,1121012,13827,0.696255
1122,1122014,13715,0.690616
1123,1123011,13747,0.692227
1124,1124015,13939,0.701895
1125,1125011,14195,0.714786
1126,1126015,14451,0.727677
1127,1127012,14579,0.734122
1128,1128008,14531,0.731705
1129,1129010,14355,0.722843
1130,1130008,14083,0.709146
1131,1131012,13859,0.697867
1132,1132008,13715,0.690616
1133,1133012,13763,0.693033
1134,1134009,13923,0.701090
1135,1135013,14211,0.715592
1136,1136009,14419,0.726065
1137,1137009,14547,0.732511
1138,1138015,14531,0.731705
1139,1139011,14339,0.722037
1140,1140015,14067,0.708341
1141,1141012,13843,0.697061
1142,1142008,13699,0.689810
1143,1143012,13763,0.693033
1144,1144008,13907,0.700284
1145,1145009,14211,0.715592
1146,1146014,14435,0.726871
1147,1147010,14563,0.733317
1148,1148014,14531,0.731705
1149,1149011,14339,0.722037
1150,1150014,14067,0.708341
1151,1151011,13843,0.697061
1152,1152015,13715,0.690616
1153,1153015,13747,0.692227
1154,1154014,13939,0.701895
1155,1155011,14179,0.713980
1156,1156015,14435,0.726871
1157,1157011,14563,0.733317
1158,1158015,14531,0.731705
1159,1159012,14339,0.722037
1160,1160008,14067,0.708341
1161,1161015,13827,0.696255
1162,1162012,13715,0.690616
1163,1163009,13747,0.692227
1164,1164012,13939,0.701895
1165,1165009,14179,0.713980
1166,1166013,14451,0.727677
1167,1167009,14563,0.733317
1168,1168013,14547,0.732511
1169,1169013,14355,0.722843
1170,1170010,14083,0.709146
1171,1171013,13843,0.697061
1172,1172010,13715,0.690616
1173,1173014,13747,0.692227
1174,1174010,13939,0.701895
1175,1175014,14211,0.715592
1176,1176011,14435,0.726871
1177,1177012,14563,0.733317
1178,1178010,14547,0.732511
1179,1179014,14355,0.722843
1180,1180011,14099,0.709952
1181,1181015,13843,0.697061
1182,1182011,13715,0.690616
1183,1183015,13763,0.693033
1184,1184011,13939,0.701895
1185,1185011,14211,0.715592
1186,1186009,14435,0.726871
1187,1187013,14579,0.734122
1188,1188009,14531,0.731705
1189,1189013,14355,0.722843
1190,1190009,14083,0.709146
1191,1191013,13843,0.697061
1192,1192010,13715,0.690616
1193,1193010,13747,0.692227
1194,1194008,13923,0.701090
1195,1195012,14195,0.714786
1196,1196009,14435,0.726871
1197,1197013,14579,0.734122
1198,1198009,14531,0.731705
1199,1199013,14339,0.722037
1200,1200009,14083,0.709146
1201,1201012,13843,0.697061
1202,1202009,13715,0.690616
1203,1203013,13747,0.692227
1204,1204009,13923,0.701090
1205,1205013,14195,0.714786
1206,1206009,14451,0.727677
1207,1207013,14579,0.734122
1208,1208010,14531,0.731705
1209,1209012,14339,0.722037
1210,1210011,14083,0.709146
1211,1211015,13843,0.697061
1212,1212012,13731,0.691421
1213,1213008,13747,0.692227
1214,1214012,13939,0.701895
1215,1215008,14195,0.714786
1216,1216012,14451,0.727677
1217,1217014,14563,0.733317
1218,1218011,14531,0.731705
1219,1219015,14355,0.722843
1220,1220011,14083,0.709146
1221,1221015,13843,0.697061
1222,1222012,13715,0.690616
1223,1223008,13747,0.692227
1224,1224012,13939,0.701895
1225,1225014,14195,0.714786
1226,1226012,14451,0.727677
1227,1227009,14563,0.733317
1228,1228012,14547,0.732511
1229,1229009,14355,0.722843
1230,1230013,14083,0.709146
1231,1231009,13843,0.697061
1232,1232013,13715,0.690616
1233,1233009,13747,0.692227
1234,1234014,13939,0.701895
1235,1235010,14195,0.714786
1236,1236014,14451,0.727677
1237,1237011,14579,0.734122
1238,1238015,14547,0.732511
1239,1239011,14339,0.722037
1240,1240015,14067,0.708341
1241,1241009,13827,0.696255
1242,1242013,13715,0.690616
1243,1243010,13747,0.692227
1244,1244014,13939,0.701895
1245,1245010,14195,0.714786
1246,1246014,14451,0.727677
1247,1247011,14579,0.734122
1248,1248014,14547,0.732511
1249,1249034,14339,0.722037
1250,1250012,14083,0.709146
1251,1251009,13843,0.697061
1252,1252013,13715,0.690616
1253,1253009,13747,0.692227
1254,1254013,13923,0.701090
1255,1255010,14195,0.714786
1256,1256014,14451,0.727677
1257,1257013,14563,0.733317
1258,1258011,14531,0.731705
1259,1259015,14355,0.722843
1260,1260011,14083,0.709146
1261,1261015,13827,0.696255
1262,1262012,13715,0.690616
1263,1263008,13747,0.692227
1264,1264012,13939,0.701895
1265,1265009,14195,0.714786
1266,1266008,14435,0.726871
1267,1267012,14579,0.734122
1268,1268009,14547,0.732511
1269,1269013,14355,0.722843
1270,1270009,14083,0.709146
1271,1271013,13843,0.697061
1272,1272010,13731,0.691421
1273,1273013,13763,0.693033
1274,1274011,13923,0.701090
1275,1275015,14195,0.714786
1276,1276011,14435,0.726871
1277,1277015,14563,0.733317
1278,1278011,14531,0.731705
1279,1279008,14339,0.722037
1280,1280012,14083,0.709146
1281,1281015,13827,0.696255
1282,1282013,13715,0.690616
1283,1283011,13747,0.692227
1284,1284008,13923,0.701090
1285,1285012,14195,0.714786
1286,1286009,14451,0.727677
1287,1287012,14563,0.733317
1288,1288009,14531,0.731705
1289,1289013,14355,0.722843
1290,1290011,14099,0.709952
1291,1291015,13843,0.697061
1292,1292011,13715,0.690616
1293,1293015,13763,0.693033
1294,1294011,13923,0.701090
1295,1295008,14195,0.714786
1296,1296012,14451,0.727677
1297,1297009,14563,0.733317
1298,1298014,14531,0.731705
1299,1299011,14355,0.722843
1300,1300014,14083,0.709146
1301,1301011,13827,0.696255
1302,1302015,13715,0.690616
1303,1303011,13763,0.693033
1304,1304008,13939,0.701895
1305,1305012,14195,0.714786
1306,1306011,14451,0.727677
1307,1307015,14579,0.734122
1308,1308012,14531,0.731705
1309,1309008,14355,0.722843
1310,1310012,14083,0.709146
1311,1311008,13827,0.696255
1312,1312012,13731,0.691421
1313,1313032,13763,0.693033
1314,1314012,13923,0.701090
1315,1315010,14195,0.714786
1316,1316014,14435,0.726871
1317,1317010,14563,0.733317
1318,1318014,14547,0.732511
1319,1319011,14355,0.722843
1320,1320014,14083,0.709146
1321,1321015,13843,0.697061
1322,1322011,13715,0.690616
1323,1323008,13747,0.692227
1324,1324012,13939,0.701895
1325,1325008,14195,0.714786
1326,1326012,14467,0.728482
1327,1327009,14563,0.733317
1328,1328013,14547,0.732511
1329,1329012,14355,0.722843
1330,1330010,14083,0.709146
1331,1331014,13843,0.697061
1332,1332010,13715,0.690616
1333,1333014,13763,0.693033
1334,1334011,13923,0.701090
1335,1335014,14195,0.714786
1336,1336011,14451,0.727677
1337,1337010,14563,0.733317
1338,1338015,14547,0.732511
1339,1339011,14339,0.722037
1340,1340015,14067,0.708341
1341,1341012,13843,0.697061
1342,1342008,13715,0.690616
1343,1343012,13763,0.693033
1344,1344008,13923,0.701090
1345,1345014,14195,0.714786
1346,1346011,14435,0.726871
1347,1347015,14579,0.734122
1348,1348011,14547,0.732511
1349,1349008,14355,0.722843
1350,1350012,14083,0.709146
1351,1351008,13843,0.697061
1352,1352012,13731,0.691421
1353,1353011,13763,0.693033
1354,1354015,13955,0.702701
1355,1355011,14195,0.714786
1356,1356008,14435,0.726871
1357,1357012,14579,0.734122
1358,1358008,14531,0.731705
1359,1359012,14355,0.722843
1360,1360009,14083,0.709146
1361,1361014,13843,0.697061
1362,1362012,13731,0.691421
1363,1363008,13747,0.692227
1364,1364012,13955,0.702701
1365,1365009,14195,0.714786
1366,1366013,14451,0.727677
1367,1367009,14563,0.733317
1368,1368013,14547,0.732511
1369,1369012,14355,0.722843
1370,1370009,14083,0.709146
1371,1371013,13843,0.697061
1372,1372010,13715,0.690616
1373,1373014,13747,0.692227
1374,1374010,13939,0.701895
1375,1375014,14195,0.714786
1376,1376020,14451,0.727677
1377,1377009,14579,0.734122
1378,1378015,14531,0.731705
1379,1379012,14355,0.722843
1380,1380008,14099,0.709952
1381,1381012,13843,0.697061
1382,1382008,13715,0.690616
1383,1383012,13747,0.692227
1384,1384009,13939,0.701895
1385,1385009,14195,0.714786
1386,1386013,14435,0.726871
1387,1387010,14579,0.734122
1388,1388014,14531,0.731705
1389,1389010,14355,0.722843
1390,1390014,14083,0.709146
1391,1391011,13859,0.697867
1392,1392014,13715,0.690616
1393,1393014,13747,0.692227
1394,1394012,13939,0.701895
1395,1395009,14179,0.713980
1396,1396012,14451,0.727677
1397,1397009,14563,0.733317
1398,1398013,14531,0.731705
1399,1399009,14355,0.722843
1400,1400013,14083,0.709146
1401,1401014,13843,0.697061
1402,1402011,13731,0.691421
1403,1403015,13763,0.693033
1404,1404011,13939,0.701895
1405,1405015,14211,0.715592
1406,1406012,14435,0.726871
1407,1407008,14579,0.734122
1408,1408012,14531,0.731705
1409,1409013,14355,0.722843
1410,1410010,14083,0.709146
1411,1411014,13843,0.697061
1412,1412011,13731,0.691421
1413,1413015,13747,0.692227
1414,1414011,13939,0.701895
1415,1415015,14211,0.715592
1416,1416012,14451,0.727677
1417,1417012,14563,0.733317
1418,1418010,14547,0.732511
1419,1419014,14355,0.722843
1420,1420011,14083,0.709146
1421,1421015,13843,0.697061
1422,1422011,13731,0.691421
1423,1423015,13763,0.693033
1424,1424012,13923,0.701090
1425,1425013,14195,0.714786
1426,1426010,14435,0.726871
1427,1427014,14563,0.733317
1428,1428010,14531,0.731705
1429,1429014,14355,0.722843
1430,1430011,14099,0.709952
1431,1431014,13843,0.697061
1432,1432011,13731,0.691421
1433,1433013,13747,0.692227
1434,1434011,13955,0.702701
1435,1435015,14195,0.714786
1436,1436011,14435,0.726871
1437,1437008,14563,0.733317
1438,1438012,14531,0.731705
1439,1439008,14339,0.722037
1440,1440026,14067,0.708341
1441,1441012,13827,0.696255
1442,1442009,13699,0.689810
1443,1443013,13763,0.693033
1444,1444009,13939,0.701895
1445,1445013,14179,0.713980
1446,1446010,14451,0.727677
1447,1447014,14579,0.734122
1448,1448010,14547,0.732511
1449,1449013,14355,0.722843
1450,1450011,14099,0.709952
1451,1451014,13859,0.697867
1452,1452011,13715,0.690616
1453,1453015,13763,0.693033
1454,1454011,13939,0.701895
1455,1455008,14195,0.714786
1456,1456012,14467,0.728482
1457,1457014,14579,0.734122
1458,1458012,14531,0.731705
1459,1459008,14355,0.722843
1460,1460012,14083,0.709146
1461,1461009,13843,0.697061
1462,1462013,13715,0.690616
1463,1463009,13747,0.692227
1464,1464013,13955,0.702701
1465,1465015,14195,0.714786
1466,1466013,14435,0.726871
1467,1467010,14579,0.734122
1468,1468014,14531,0.731705
1469,1469010,14355,0.722843
1470,1470014,14083,0.709146
1471,1471010,13843,0.697061
1472,1472014,13731,0.691421
1473,1473010,13763,0.693033
1474,1474014,13939,0.701895
1475,1475011,14179,0.713980
1476,1476015,14451,0.727677
1477,1477011,14579,0.734122
1478,1478015,14547,0.732511
1479,1479011,14355,0.722843
1480,1480008,14099,0.709952
1481,1481012,13843,0.697061
1482,1482010,13715,0.690616
1483,1483014,13763,0.693033
1484,1484010,13939,0.701895
1485,1485014,14211,0.715592
1486,1486010,14451,0.727677
1487,1487014,14579,0.734122
1488,1488011,14547,0.732511
1489,1489015,14355,0.722843
1490,1490015,14083,0.709146
1491,1491011,13843,0.697061
1492,1492008,13731,0.691421
1493,1493012,13763,0.693033
1494,1494008,13939,0.701895
1495,1495012,14195,0.714786
1496,1496009,14435,0.726871
1497,1497012,14563,0.733317
1498,1498009,14547,0.732511
1499,1499013,14355,0.722843
1500,1500009,14083,0.709146
1501,1501013,13843,0.697061
1502,1502010,13715,0.690616
1503,1503014,13747,0.692227
1504,1504010,13923,0.701090
1505,1505020,14211,0.715592
1506,1506014,14451,0.727677
1507,1507012,14579,0.734122
1508,1508009,14531,0.731705
1509,1509013,14355,0.722843
1510,1510009,14083,0.709146
1511,1511013,13843,0.697061
1512,1512010,13731,0.691421
1513,1513014,13747,0.692227
1514,1514012,13923,0.701090
1515,1515008,14211,0.715592
1516,1516012,14451,0.727677
1517,1517009,14579,0.734122
1518,1518013,14531,0.731705
1519,1519009,14339,0.722037
1520,1520013,14083,0.709146
1521,1521010,13843,0.697061
1522,1522015,13715,0.690616
1523,1523011,13763,0.693033
1524,1524015,13939,0.701895
1525,1525012,14195,0.714786
1526,1526008,14435,0.726871
1527,1527012,14579,0.734122
1528,1528008,14547,0.732511
1529,1529012,14355,0.722843
1530,1530009,14099,0.709952
1531,1531013,13859,0.697867
1532,1532009,13715,0.690616
1533,1533013,13779,0.693838
1534,1534010,13955,0.702701
1535,1535014,14211,0.715592
1536,1536010,14451,0.727677
1537,1537015,14579,0.734122
1538,1538008,14531,0.731705
1539,1539014,14371,0.723648
1540,1540010,14099,0.709952
1541,1541014,13843,0.697061
1542,1542011,13731,0.691421
1543,1543015,13763,0.693033
1544,1544011,13923,0.701090
1545,1545016,14179,0.713980
1546,1546013,14435,0.726871
1547,1547009,14579,0.734122
1548,1548013,14547,0.732511
1549,1549010,14371,0.723648
1550,1550014,14099,0.709952
1551,1551010,13843,0.697061
1552,1552014,13731,0.691421
1553,1553011,13763,0.693033
1554,1554008,13923,0.701090
1555,1555012,14211,0.715592
1556,1556009,14451,0.727677
1557,1557013,14579,0.734122
1558,1558009,14547,0.732511
1559,1559013,14355,0.722843
1560,1560009,14083,0.709146
1561,1561008,13843,0.697061
1562,1562013,13731,0.691421
1563,1563010,13747,0.692227
1564,1564014,13955,0.702701
1565,1565010,14195,0.714786
1566,1566014,14435,0.726871
1567,1567011,14563,0.733317
1568,1568015,14547,0.732511
1569,1569010,14339,0.722037
1570,1570009,14083,0.709146
1571,1571013,13827,0.696255
1572,1572010,13731,0.691421
1573,1573014,13763,0.693033
1574,1574010,13939,0.701895
1575,1575014,14195,0.714786
1576,1576010,14451,0.727677
1577,1577010,14563,0.733317
1578,1578009,14531,0.731705
1579,1579013,14355,0.722843
1580,1580009,14083,0.709146
1581,1581013,13843,0.697061
1582,1582010,13715,0.690616
1583,1583014,13763,0.693033
1584,1584010,13939,0.701895
1585,1585009,14195,0.714786
1586,1586014,14435,0.726871
1587,1587011,14579,0.734122
1588,1588015,14547,0.732511
1589,1589011,14355,0.722843
1590,1590008,14067,0.708341
1591,1591012,13843,0.697061
1592,1592008,13715,0.690616
1593,1593014,13747,0.692227
1594,1594012,13939,0.701895
1595,1595009,14211,0.715592
1596,1596013,14451,0.727677
1597,1597009,14563,0.733317
1598,1598013,14547,0.732511
1599,1599010,14355,0.722843
1600,1600014,14083,0.709146
1601,1601013,13843,0.697061
1602,1602011,13731,0.691421
1603,1603015,13763,0.693033
1604,1604011,13939,0.701895
1605,1605015,14211,0.715592
1606,1606012,14435,0.726871
1607,1607008,14563,0.733317
1608,1608012,14547,0.732511
1609,1609012,14355,0.722843
1610,1610010,14083,0.709146
1611,1611014,13859,0.697867
1612,1612010,13731,0.691421
1613,1613014,13747,0.692227
1614,1614010,13939,0.701895
1615,1615014,14195,0.714786
1616,1616011,14451,0.727677
1617,1617011,14563,0.733317
1618,1618008,14547,0.732511
1619,1619012,14355,0.722843
1620,1620008,14083,0.709146
1621,1621012,13859,0.697867
1622,1622009,13715,0.690616
1623,1623012,13763,0.693033
1624,1624009,13955,0.702701
1625,1625009,14227,0.716397
1626,1626014,14451,0.727677
1627,1627011,14579,0.734122
1628,1628015,14547,0.732511
1629,1629011,14355,0.722843
1630,1630015,14083,0.709146
1631,1631012,13827,0.696255
1632,1632008,13715,0.690616
1633,1633014,13747,0.692227
1634,1634013,13939,0.701895
1635,1635010,14195,0.714786
1636,1636014,14451,0.727677
1637,1637010,14563,0.733317
1638,1638014,14531,0.731705
1639,1639011,14355,0.722843
1640,1640014,14083,0.709146
1641,1641008,13843,0.697061
1642,1642014,13715,0.690616
1643,1643011,13747,0.692227
1644,1644015,13923,0.701090
1645,1645011,14195,0.714786
1646,1646015,14451,0.727677
1647,1647012,14547,0.732511
1648,1648008,14531,0.731705
1649,1649009,14339,0.722037
1650,1650015,14099,0.709952
1651,1651012,13827,0.696255
1652,1652008,13715,0.690616
1653,1653012,13763,0.693033
1654,1654008,13923,0.701090
1655,1655012,14211,0.715592
1656,1656009,14451,0.727677
1657,1657010,14579,0.734122
1658,1658008,14547,0.732511
1659,1659012,14355,0.722843
1660,1660009,14083,0.709146
1661,1661013,13843,0.697061
1662,1662009,13715,0.690616
1663,1663013,13763,0.693033
1664,1664010,13923,0.701090
1665,1665011,14195,0.714786
1666,1666008,14451,0.727677
1667,1667012,14579,0.734122
1668,1668009,14547,0.732511
1669,1669013,14355,0.722843
1670,1670009,14083,0.709146
1671,1671013,13843,0.697061
1672,1672009,13715,0.690616
1673,1673011,13763,0.693033
1674,1674008,13939,0.701895
1675,1675012,14211,0.715592
1676,1676008,14435,0.726871
1677,1677012,14563,0.733317
1678,1678008,14547,0.732511
1679,1679012,14355,0.722843
1680,1680009,14083,0.709146
1681,1681011,13859,0.697867
1682,1682009,13715,0.690616
1683,1683013,13747,0.692227
1684,1684009,13939,0.701895
1685,1685013,14195,0.714786
1686,1686010,14435,0.726871
1687,1687013,14579,0.734122
1688,1688010,14547,0.732511
1689,1689012,14355,0.722843
1690,1690011,14099,0.709952
1691,1691008,13843,0.697061
1692,1692012,13731,0.691421
1693,1693009,13747,0.692227
1694,1694012,13939,0.701895
1695,1695009,14211,0.715592
1696,1696013,14451,0.727677
1697,1697012,14579,0.734122
1698,1698011,14547,0.732511
1699,1699014,14355,0.722843
1700,1700011,14099,0.709952
1701,1701015,13843,0.697061
1702,1702011,13715,0.690616
1703,1703008,13747,0.692227
1704,1704012,13923,0.701090
1705,1705015,14195,0.714786
1706,1706013,14451,0.727677
1707,1707010,14579,0.734122
1708,1708014,14547,0.732511
1709,1709010,14355,0.722843
1710,1710014,14067,0.708341
1711,1711010,13971,0.703507
1712,1712014,13699,0.689810
1713,1713010,13715,0.690616
1714,1714014,13891,0.699478
1715,1715011,14147,0.712369
1716,1716015,14419,0.726065
1717,1717011,14531,0.731705
1718,1718015,14515,0.730900
1719,1719012,14307,0.720426
1720,1720008,14051,0.707535
1721,1721012,13811,0.695450
1722,1722010,13715,0.690616
1723,1723013,13747,0.692227
1724,1724010,13907,0.700284
1725,1725014,14195,0.714786
1726,1726010,14435,0.726871
1727,1727014,14579,0.734122
1728,1728011,14515,0.730900
1729,1729013,14323,0.721231
1730,1730010,14067,0.708341
1731,1731014,13843,0.697061
1732,1732010,13683,0.689004
1733,1733014,13715,0.690616
1734,1734010,13907,0.700284
1735,1735014,14163,0.713175
1736,1736011,14339,0.722037
1737,1737014,14547,0.732511
1738,1738011,14531,0.731705
1739,1739015,14339,0.722037
1740,1740012,14067,0.708341
1741,1741008,13843,0.697061
1742,1742012,13683,0.689004
1743,1743008,13715,0.690616
1744,1744012,13923,0.701090
1745,1745008,14163,0.713175
1746,1746013,14419,0.726065
1747,1747010,14531,0.731705
1748,1748013,14515,0.730900
1749,1749010,14307,0.720426
1750,1750014,14067,0.708341
1751,1751010,13827,0.696255
1752,1752014,13683,0.689004
1753,1753011,13699,0.689810
1754,1754010,13891,0.699478
1755,1755013,14163,0.713175
1756,1756010,14403,0.725260
1757,1757014,14547,0.732511
1758,1758010,14515,0.730900
1759,1759014,14307,0.720426
1760,1760011,14051,0.707535
1761,1761022,13811,0.695450
1762,1762012,13715,0.690616
1763,1763011,13747,0.692227
1764,1764008,13923,0.701090
1765,1765012,14179,0.713980
1766,1766009,14451,0.727677
1767,1767013,14579,0.734122
1768,1768009,14515,0.730900
1769,1769009,14323,0.721231
1770,1770013,14067,0.708341
1771,1771009,13811,0.695450
1772,1772013,13699,0.689810
1773,1773010,13715,0.690616
1774,1774013,13907,0.700284
1775,1775010,14195,0.714786
1776,1776014,14435,0.726871
1777,1777011,14563,0.733317
1778,1778009,14531,0.731705
1779,1779013,14339,0.722037
1780,1780009,14083,0.709146
1781,1781013,13843,0.697061
1782,1782009,13699,0.689810
1783,1783013,13747,0.692227
1784,1784010,13923,0.701090
1785,1785009,14195,0.714786
1786,1786015,14435,0.726871
1787,1787011,14563,0.733317
1788,1788015,14531,0.731705
1789,1789012,14355,0.722843
1790,1790008,14083,0.709146
1791,1791012,13843,0.697061
1792,1792008,13715,0.690616
1793,1793014,13747,0.692227
1794,1794012,13923,0.701090
1795,1795009,14211,0.715592
1796,1796013,14435,0.726871
1797,1797009,14563,0.733317
1798,1798013,14531,0.731705
1799,1799010,14355,0.722843
1800,1800013,14067,0.708341
1801,1801012,13843,0.697061
1802,1802011,13731,0.691421
1803,1803009,13747,0.692227
1804,1804013,13955,0.702701
1805,1805010,14195,0.714786
1806,1806014,14451,0.727677
1807,1807010,14563,0.733317
1808,1808014,14547,0.732511
1809,1809012,14355,0.722843
1810,1810009,14083,0.709146
1811,1811013,13843,0.697061
1812,1812010,13731,0.691421
1813,1813014,13763,0.693033
1814,1814010,13939,0.701895
1815,1815014,14211,0.715592
1816,1816010,14435,0.726871
1817,1817010,14579,0.734122
1818,1818015,14547,0.732511
1819,1819011,14355,0.722843
1820,1820008,14083,0.709146
1821,1821012,13843,0.697061
1822,1822008,13715,0.690616
1823,1823012,13763,0.693033
1824,1824009,13939,0.701895
1825,1825015,14195,0.714786
1826,1826010,14467,0.728482
1827,1827008,14563,0.733317
1828,1828012,14547,0.732511
1829,1829009,14355,0.722843
1830,1830012,14083,0.709146
1831,1831009,13843,0.697061
1832,1832013,13731,0.691421
1833,1833012,13763,0.693033
1834,1834009,13955,0.702701
1835,1835012,14211,0.715592
1836,1836009,14451,0.727677
1837,1837013,14579,0.734122
1838,1838009,14547,0.732511
1839,1839013,14355,0.722843
1840,1840010,14083,0.709146
1841,1841009,13843,0.697061
1842,1842014,13731,0.691421
1843,1843010,13763,0.693033
1844,1844014,13939,0.701895
1845,1845011,14227,0.716397
1846,1846015,14451,0.727677
1847,1847011,14563,0.733317
1848,1848015,14547,0.732511
1849,1849015,14355,0.722843
1850,1850013,14099,0.709952
1851,1851010,13827,0.696255
1852,1852014,13699,0.689810
1853,1853010,13763,0.693033
1854,1854014,13923,0.701090
1855,1855010,14195,0.714786
1856,1856014,14451,0.727677
1857,1857014,14563,0.733317
1858,1858013,14547,0.732511
1859,1859011,14355,0.722843
1860,1860008,14083,0.709146
1861,1861012,13843,0.697061
1862,1862008,13715,0.690616
1863,1863012,13763,0.693033
1864,1864009,13939,0.701895
1865,1865009,14179,0.713980
1866,1866013,14419,0.726065
1867,1867010,14579,0.734122
1868,1868014,14531,0.731705
1869,1869010,14355,0.722843
1870,1870014,14067,0.708341
1871,1871011,13811,0.695450
1872,1872015,13715,0.690616
1873,1873015,13747,0.692227
1874,1874013,13939,0.701895
1875,1875009,14163,0.713175
1876,1876013,14419,0.726065
1877,1877010,14563,0.733317
1878,1878013,14531,0.731705
1879,1879010,14355,0.722843
1880,1880014,14051,0.707535
1881,1881014,13827,0.696255
1882,1882012,13667,0.688199
1883,1883009,13747,0.692227
1884,1884013,13907,0.700284
1885,1885009,14179,0.713980
1886,1886013,14419,0.726065
1887,1887009,14531,0.731705
1888,1888013,14547,0.732511
1889,1889016,14307,0.720426
1890,1890009,14067,0.708341
1891,1891013,13843,0.697061
1892,1892010,13699,0.689810
1893,1893013,13747,0.692227
1894,1894010,13923,0.701090
1895,1895014,14211,0.715592
1896,1896010,14435,0.726871
1897,1897012,14563,0.733317
1898,1898011,14547,0.732511
1899,1899015,14339,0.722037
1900,1900012,14067,0.708341
1901,1901008,13827,0.696255
1902,1902012,13715,0.690616
1903,1903009,13747,0.692227
1904,1904012,13955,0.702701
1905,1905015,14211,0.715592
1906,1906014,14451,0.727677
1907,1907010,14579,0.734122
1908,1908014,14547,0.732511
1909,1909011,14355,0.722843
1910,1910015,14083,0.709146
1911,1911011,13843,0.697061
1912,1912015,13731,0.691421
1913,1913010,13747,0.692227
1914,1914014,13939,0.701895
1915,1915011,14195,0.714786
1916,1916015,14435,0.726871
1917,1917011,14579,0.734122
1918,1918015,14547,0.732511
1919,1919012,14355,0.722843
1920,1920008,14083,0.709146
1921,1921011,13843,0.697061
1922,1922008,13715,0.690616
1923,1923012,13763,0.693033
1924,1924008,13939,0.701895
1925,1925012,14211,0.715592
1926,1926009,14451,0.727677
1927,1927012,14579,0.734122
1928,1928009,14547,0.732511
1929,1929011,14355,0.722843
1930,1930010,14083,0.709146
1931,1931014,13859,0.697867
1932,1932010,13699,0.689810
1933,1933014,13747,0.692227
1934,1934011,13923,0.701090
1935,1935015,14195,0.714786
1936,1936011,14451,0.727677
1937,1937014,14579,0.734122
1938,1938012,14531,0.731705
1939,1939009,14355,0.722843
1940,1940013,14083,0.709146
1941,1941009,13859,0.697867
1942,1942013,13731,0.691421
1943,1943010,13747,0.692227
1944,1944014,13955,0.702701
1945,1945009,14195,0.714786
1946,1946008,14451,0.727677
1947,1947012,14563,0.733317
1948,1948009,14547,0.732511
1949,1949013,14355,0.722843
1950,1950009,14083,0.709146
1951,1951013,13843,0.697061
1952,1952010,13715,0.690616
1953,1953016,13763,0.693033
1954,1954008,13939,0.701895
1955,1955012,14179,0.713980
1956,1956009,14451,0.727677
1957,1957013,14579,0.734122
1958,1958009,14547,0.732511
1959,1959013,14339,0.722037
1960,1960009,14083,0.709146
1961,1961013,13843,0.697061
1962,1962010,13715,0.690616
1963,1963014,13763,0.693033
1964,1964011,13955,0.702701
1965,1965015,14211,0.715592
1966,1966011,14451,0.727677
1967,1967015,14579,0.734122
1968,1968012,14547,0.732511
1969,1969008,14355,0.722843
1970,1970013,14099,0.709952
1971,1971009,13843,0.697061
1972,1972013,13731,0.691421
1973,1973010,13747,0.692227
1974,1974014,13939,0.701895
1975,1975010,14211,0.715592
1976,1976014,14467,0.728482
1977,1977011,14579,0.734122
1978,1978010,14547,0.732511
1979,1979014,14355,0.722843
1980,1980010,14083,0.709146
1981,1981014,13859,0.697867
1982,1982011,13731,0.691421
1983,1983014,13763,0.693033
1984,1984011,13939,0.701895
1985,1985015,14211,0.715592
1986,1986013,14467,0.728482
1987,1987010,14579,0.734122
1988,1988013,14547,0.732511
1989,1989010,14355,0.722843
1990,1990014,14099,0.709952
1991,1991010,13843,0.697061
1992,1992014,13731,0.691421
1993,1993013,13747,0.692227
1994,1994011,13939,0.701895
1995,1995015,14195,0.714786
1996,1996011,14451,0.727677
1997,1997015,14563,0.733317
1998,1998011,14547,0.732511
1999,1999008,14355,0.722843
2000,2000012,14083,0.709146
2001,2001009,13843,0.697061
2002,2002008,13715,0.690616
2003,2003013,13763,0.693033
2004,2004009,13939,0.701895
2005,2005013,14195,0.714786
2006,2006010,14451,0.727677
2007,2007013,14579,0.734122
2008,2008010,14531,0.731705
2009,2009015,14355,0.722843
2010,2010012,14083,0.709146
2011,2011009,13843,0.697061
2012,2012012,13715,0.690616
2013,2013009,13747,0.692227
2014,2014013,13955,0.702701
2015,2015009,14195,0.714786
2016,2016013,14467,0.728482
2017,2017019,14563,0.733317
2018,2018016,14531,0.731705
2019,2019015,14339,0.722037
2020,2020012,14083,0.709146
2021,2021009,13843,0.697061
2022,2022012,13731,0.691421
2023,2023009,13763,0.693033
2024,2024013,13939,0.701895
2025,2025009,14195,0.714786
2026,2026015,14451,0.727677
2027,2027011,14563,0.733317
2028,2028008,14531,0.731705
2029,2029012,14355,0.722843
2030,2030008,14083,0.709146
2031,2031012,13859,0.697867
2032,2032009,13715,0.690616
2033,2033008,13763,0.693033
2034,2034014,13939,0.701895
2035,2035010,14211,0.715592
2036,2036014,14451,0.727677
2037,2037011,14563,0.733317
2038,2038014,14531,0.731705
2039,2039011,14355,0.722843
2040,2040015,14083,0.709146
2041,2041014,13843,0.697061
2042,2042011,13715,0.690616
2043,2043008,13763,0.693033
2044,2044012,13939,0.701895
2045,2045008,14211,0.715592
2046,2046012,14451,0.727677
2047,2047009,14563,0.733317
2048,2048013,14547,0.732511
2049,2049013,14371,0.723648
2050,2050012,14083,0.709146
2051,2051009,13843,0.697061
2052,2052013,13731,0.691421
2053,2053009,13779,0.693838
2054,2054013,13955,0.702701
2055,2055010,14211,0.715592
2056,2056014,14467,0.728482
2057,2057013,14563,0.733317
2058,2058010,14499,0.730094
2059,2059014,14355,0.722843
2060,2060011,14083,0.709146
2061,2061014,13843,0.697061
2062,2062011,13715,0.690616
2063,2063015,13763,0.693033
2064,2064011,13939,0.701895
2065,2065011,14195,0.714786
2066,2066008,14451,0.727677
2067,2067012,14579,0.734122
2068,2068008,14531,0.731705
2069,2069012,14371,0.723648
2070,2070009,14083,0.709146
2071,2071012,13859,0.697867
2072,2072009,13715,0.690616
2073,2073009,13763,0.693033
2074,2074014,13955,0.702701
2075,2075011,14211,0.715592
2076,2076014,14435,0.726871
2077,2077011,14579,0.734122
2078,2078015,14547,0.732511
2079,2079011,14355,0.722843
2080,2080008,14083,0.709146
2081,2081015,13843,0.697061
2082,2082008,13731,0.691421
2083,2083012,13763,0.693033
2084,2084009,13939,0.701895
2085,2085012,14211,0.715592
2086,2086009,14451,0.727677
2087,2087013,14595,0.734928
2088,2088009,14531,0.731705
2089,2089010,14371,0.723648
2090,2090014,14099,0.709952
2091,2091011,13843,0.697061
2092,2092015,13715,0.690616
2093,2093011,13763,0.693033
2094,2094015,13939,0.701895
2095,2095012,14211,0.715592
2096,2096008,14451,0.727677
2097,2097010,14579,0.734122
2098,2098015,14547,0.732511
2099,2099011,14355,0.722843
2100,2100008,14083,0.709146
2101,2101012,13859,0.697867
2102,2102008,13715,0.690616
2103,2103012,13747,0.692227
2104,2104009,13939,0.701895
2105,2105009,14227,0.716397
2106,2106015,14451,0.727677
2107,2107011,14579,0.734122
2108,2108015,14547,0.732511
2109,2109012,14355,0.722843
2110,2110008,14099,0.709952
2111,2111012,13859,0.697867
2112,2112008,13731,0.691421
2113,2113009,13763,0.693033
2114,2114014,13955,0.702701
2115,2115010,14211,0.715592
2116,2116014,14451,0.727677
2117,2117011,14579,0.734122
2118,2118014,14547,0.732511
2119,2119011,14355,0.722843
2120,2120015,14099,0.709952
2121,2121009,13859,0.697867
2122,2122014,13715,0.690616
2123,2123011,13763,0.693033
2124,2124015,13939,0.701895
2125,2125011,14195,0.714786
2126,2126008,14451,0.727677
2127,2127012,14579,0.734122
2128,2128008,14531,0.731705
2129,2129010,14355,0.722843
2130,2130015,14083,0.709146
2131,2131011,13843,0.697061
2132,2132008,13731,0.691421
2133,2133012,13763,0.693033
2134,2134008,13939,0.701895
2135,2135012,14195,0.714786
2136,2136009,14451,0.727677
2137,2137012,14579,0.734122
2138,2138011,14531,0.731705
2139,2139015,14355,0.722843
2140,2140011,14099,0.709952
2141,2141008,13843,0.697061
2142,2142012,13715,0.690616
2143,2143008,13763,0.693033
2144,2144012,13939,0.701895
2145,2145015,14211,0.715592
2146,2146010,14451,0.727677
2147,2147015,14579,0.734122
2148,2148012,14547,0.732511
2149,2149009,14355,0.722843
2150,2150013,14099,0.709952
2151,2151009,13843,0.697061
2152,2152013,13731,0.691421
2153,2153009,13763,0.693033
2154,2154014,13939,0.701895
2155,2155010,14211,0.715592
2156,2156014,14451,0.727677
2157,2157011,14579,0.734122
2158,2158014,14547,0.732511
2159,2159011,14339,0.722037
2160,2160015,14083,0.709146
2161,2161010,13843,0.697061
2162,2162009,13715,0.690616
2163,2163014,13763,0.693033
2164,2164011,13923,0.701090
2165,2165015,14195,0.714786
2166,2166011,14435,0.726871
2167,2167015,14579,0.734122
2168,2168011,14531,0.731705
2169,2169015,14355,0.722843
2170,2170012,14083,0.709146
2171,2171009,13843,0.697061
2172,2172013,13715,0.690616
2173,2173009,13763,0.693033
2174,2174013,13955,0.702701
2175,2175010,14211,0.715592
2176,2176013,14451,0.727677
2177,2177011,14579,0.734122
2178,2178008,14531,0.731705
2179,2179012,14355,0.722843
2180,2180008,14083,0.709146
2181,2181012,13843,0.697061
2182,2182009,13731,0.691421
2183,2183012,13763,0.693033
2184,2184009,13939,0.701895
2185,2185013,14195,0.714786
2186,2186013,14451,0.727677
2187,2187009,14595,0.734928
2188,2188013,14531,0.731705
2189,2189010,14355,0.722843
2190,2190014,14083,0.709146
2191,2191010,13843,0.697061
2192,2192014,13731,0.691421
2193,2193011,13763,0.693033
2194,2194009,13939,0.701895
2195,2195012,14195,0.714786
2196,2196009,14435,0.726871
2197,2197013,14579,0.734122
2198,2198009,14547,0.732511
2199,2199013,14355,0.722843
2200,2200010,14083,0.709146
2201,2201015,13843,0.697061
2202,2202013,13715,0.690616
2203,2203009,13763,0.693033
2204,2204013,13939,0.701895
2205,2205010,14195,0.714786
2206,2206014,14451,0.727677
2207,2207010,14579,0.734122
2208,2208014,14531,0.731705
2209,2209011,14355,0.722843
2210,2210011,14099,0.709952
2211,2211015,13827,0.696255
2212,2212012,13715,0.690616
2213,2213008,13747,0.692227
2214,2214012,13923,0.701090
2215,2215009,14195,0.714786
2216,2216012,14451,0.727677
2217,2217011,14563,0.733317
2218,2218009,14547,0.732511
2219,2219013,14355,0.722843
2220,2220009,14083,0.709146
2221,2221013,13843,0.697061
2222,2222010,13715,0.690616
2223,2223014,13763,0.693033
2224,2224010,13939,0.701895
2225,2225015,14179,0.713980
2226,2226012,14435,0.726871
2227,2227008,14579,0.734122
2228,2228012,14563,0.733317
2229,2229009,14355,0.722843
2230,2230013,14099,0.709952
2231,2231009,13843,0.697061
2232,2232013,13731,0.691421
2233,2233011,13779,0.693838
2234,2234015,13939,0.701895
2235,2235011,14195,0.714786
2236,2236015,14451,0.727677
2237,2237012,14563,0.733317
2238,2238008,14531,0.731705
2239,2239012,14355,0.722843
2240,2240008,14083,0.709146
2241,2241015,13843,0.697061
2242,2242013,13715,0.690616
2243,2243009,13763,0.693033
2244,2244013,13955,0.702701
2245,2245010,14195,0.714786
2246,2246013,14451,0.727677
2247,2247010,14579,0.734122
2248,2248014,14531,0.731705
2249,2249012,14355,0.722843
2250,2250009,14083,0.709146
2251,2251013,13843,0.697061
2252,2252010,13715,0.690616
2253,2253014,13763,0.693033
2254,2254010,13939,0.701895
2255,2255014,14195,0.714786
2256,2256010,14467,0.728482
2257,2257008,14563,0.733317
2258,2258012,14547,0.732511
2259,2259009,14371,0.723648
2260,2260013,14099,0.709952
2261,2261009,13827,0.696255
2262,2262013,13715,0.690616
2263,2263010,13747,0.692227
2264,2264014,13939,0.701895
2265,2265012,14195,0.714786
2266,2266009,14435,0.726871
2267,2267013,14579,0.734122
2268,2268009,14547,0.732511
2269,2269013,14355,0.722843
2270,2270010,14083,0.709146
2271,2271014,13843,0.697061
2272,2272010,13715,0.690616
2273,2273237,13747,0.692227
2274,2274012,13987,0.704312
2275,2275011,14195,0.714786
2276,2276015,14435,0.726871
2277,2277011,14563,0.733317
2278,2278015,14515,0.730900
2279,2279012,14355,0.722843
2280,2280008,14083,0.709146
2281,2281011,13827,0.696255
2282,2282009,13715,0.690616
2283,2283013,13747,0.692227
2284,2284009,13939,0.701895
2285,2285013,14211,0.715592
2286,2286009,14435,0.726871
2287,2287013,14579,0.734122
2288,2288010,14531,0.731705
2289,2289009,14355,0.722843
2290,2290008,14067,0.708341
2291,2291012,13843,0.697061
2292,2292008,13715,0.690616
2293,2293012,13747,0.692227
2294,2294009,13955,0.702701
2295,2295013,14195,0.714786
2296,2296009,14435,0.726871
2297,2297008,14579,0.734122
2298,2298013,14531,0.731705
2299,2299010,14355,0.722843
2300,2300013,14099,0.709952
2301,2301010,13843,0.697061
2302,2302014,13731,0.691421
2303,2303010,13747,0.692227
2304,2304014,13939,0.701895
2305,2305014,14195,0.714786
2306,2306012,14435,0.726871
2307,2307008,14563,0.733317
2308,2308012,14531,0.731705
2309,2309009,14355,0.722843
2310,2310013,14083,0.709146
2311,2311009,13859,0.697867
2312,2312013,13731,0.691421
2313,2313014,13763,0.693033
2314,2314012,13923,0.701090
2315,2315009,14195,0.714786
2316,2316013,14467,0.728482
2317,2317009,14579,0.734122
2318,2318013,14531,0.731705
2319,2319010,14355,0.722843
2320,2320013,14083,0.709146
2321,2321014,13843,0.697061
2322,2322011,13715,0.690616
2323,2323015,13747,0.692227
2324,2324011,13923,0.701090
2325,2325008,14211,0.715592
2326,2326012,14451,0.727677
2327,2327008,14579,0.734122
2328,2328012,14531,0.731705
2329,2329012,14355,0.722843
2330,2330010,14099,0.709952
2331,2331014,13859,0.697867
2332,2332011,13715,0.690616
2333,2333014,13763,0.693033
2334,2334011,13923,0.701090
2335,2335015,14211,0.715592
2336,2336011,14435,0.726871
2337,2337016,14579,0.734122
2338,2338015,14547,0.732511
2339,2339011,14355,0.722843
2340,2340015,14083,0.709146
2341,2341011,13843,0.697061
2342,2342008,13731,0.691421
2343,2343012,13747,0.692227
2344,2344008,13955,0.702701
2345,2345010,14195,0.714786
2346,2346014,14435,0.726871
2347,2347011,14563,0.733317
2348,2348014,14547,0.732511
2349,2349011,14355,0.722843
2350,2350015,14099,0.709952
2351,2351011,13843,0.697061
2352,2352015,13715,0.690616
2353,2353009,13747,0.692227
2354,2354013,13955,0.702701
2355,2355010,14211,0.715592
2356,2356014,14451,0.727677
2357,2357010,14579,0.734122
2358,2358014,14547,0.732511
2359,2359011,14355,0.722843
2360,2360015,14083,0.709146
2361,2361009,13843,0.697061
2362,2362015,13731,0.691421
2363,2363011,13747,0.692227
2364,2364008,13907,0.700284
2365,2365012,14179,0.713980
2366,2366008,14435,0.726871
2367,2367012,14563,0.733317
2368,2368009,14547,0.732511
2369,2369011,14339,0.722037
2370,2370009,14083,0.709146
2371,2371013,13843,0.697061
2372,2372010,13715,0.690616
2373,2373014,13763,0.693033
2374,2374010,13939,0.701895
2375,2375014,14211,0.715592
2376,2376010,14435,0.726871
2377,2377012,14563,0.733317
2378,2378009,14547,0.732511
2379,2379013,14355,0.722843
2380,2380010,14083,0.709146
2381,2381014,13843,0.697061
2382,2382010,13715,0.690616
2383,2383014,13747,0.692227
2384,2384011,13939,0.701895
2385,2385013,14195,0.714786
2386,2386012,14451,0.727677
2387,2387009,14579,0.734122
2388,2388013,14531,0.731705
2389,2389010,14355,0.722843
2390,2390014,14083,0.709146
2391,2391010,13843,0.697061
2392,2392014,13715,0.690616
2393,2393009,13747,0.692227
2394,2394014,13939,0.701895
2395,2395011,14195,0.714786
2396,2396015,14451,0.727677
2397,2397011,14563,0.733317
2398,2398008,14547,0.732511
2399,2399012,14355,0.722843
2400,2400008,14083,0.709146
2401,2401009,13827,0.696255
2402,2402008,13731,0.691421
2403,2403012,13747,0.692227
2404,2404009,13939,0.701895
2405,2405013,14211,0.715592
2406,2406009,14451,0.727677
2407,2407013,14579,0.734122
2408,2408009,14531,0.731705
2409,2409014,14355,0.722843
2410,2410012,14099,0.709952
2411,2411009,13859,0.697867
2412,2412013,13715,0.690616
2413,2413009,13747,0.692227
2414,2414013,13939,0.701895
2415,2415010,14195,0.714786
2416,2416014,14451,0.727677
2417,2417010,14563,0.733317
2418,2418009,14547,0.732511
2419,2419012,14355,0.722843
2420,2420009,14099,0.709952
2421,2421013,13843,0.697061
2422,2422009,13699,0.689810
2423,2423013,13747,0.692227
2424,2424010,13939,0.701895
2425,2425014,14195,0.714786
2426,2426011,14435,0.726871
2427,2427015,14563,0.733317
2428,2428012,14531,0.731705
2429,2429008,14355,0.722843
2430,2430012,14083,0.709146
2431,2431008,13843,0.697061
2432,2432012,13715,0.690616
2433,2433008,13763,0.693033
2434,2434014,13955,0.702701
2435,2435010,14195,0.714786
2436,2436014,14435,0.726871
2437,2437011,14579,0.734122
2438,2438015,14547,0.732511
2439,2439011,14355,0.722843
2440,2440015,14083,0.709146
2441,2441013,13859,0.697867
2442,2442011,13715,0.690616
2443,2443015,13747,0.692227
2444,2444011,13923,0.701090
2445,2445008,14211,0.715592
2446,2446012,14435,0.726871
2447,2447008,14563,0.733317
2448,2448012,14531,0.731705
2449,2449009,14355,0.722843
2450,2450013,14083,0.709146
2451,2451010,13843,0.697061
2452,2452014,13715,0.690616
2453,2453010,13763,0.693033
2454,2454014,13939,0.701895
2455,2455011,14195,0.714786
2456,2456014,14451,0.727677
2457,2457011,14563,0.733317
2458,2458009,14531,0.731705
2459,2459013,14355,0.722843
2460,2460010,14083,0.709146
2461,2461013,13843,0.697061
2462,2462010,13715,0.690616
2463,2463014,13763,0.693033
2464,2464010,13939,0.701895
2465,2465016,14211,0.715592
2466,2466015,14435,0.726871
2467,2467013,14563,0.733317
2468,2468011,14515,0.730900
2469,2469015,14355,0.722843
2470,2470011,14083,0.709146
2471,2471015,13843,0.697061
2472,2472012,13715,0.690616
2473,2473010,13747,0.692227
2474,2474009,13939,0.701895
2475,2475013,14211,0.715592
2476,2476010,14435,0.726871
2477,2477013,14579,0.734122
2478,2478010,14547,0.732511
2479,2479014,14355,0.722843
2480,2480010,14083,0.709146
2481,2481009,13859,0.697867
2482,2482008,13731,0.691421
2483,2483012,13763,0.693033
2484,2484009,13923,0.701090
2485,2485013,14195,0.714786
2486,2486009,14451,0.727677
2487,2487013,14579,0.734122
2488,2488009,14531,0.731705
2489,2489008,14355,0.722843
2490,2490008,14099,0.709952
2491,2491012,13843,0.697061
2492,2492009,13731,0.691421
2493,2493013,13763,0.693033
2494,2494009,13939,0.701895
2495,2495013,14195,0.714786
2496,2496010,14451,0.727677
2497,2497008,14563,0.733317
2498,2498013,14531,0.731705
2499,2499010,14371,0.723648
2500,2500013,14067,0.708341
2501,2501010,13843,0.697061
2502,2502014,13715,0.690616
2503,2503010,13747,0.692227
2504,2504014,13939,0.701895
2505,2505013,14195,0.714786
2506,2506010,14435,0.726871
2507,2507013,14579,0.734122
2508,2508010,14531,0.731705
2509,2509014,14355,0.722843
2510,2510010,14067,0.708341
2511,2511014,13843,0.697061
2512,2512011,13699,0.689810
2513,2513010,13747,0.692227
2514,2514008,13939,0.701895
2515,2515012,14211,0.715592
2516,2516009,14451,0.727677
2517,2517013,14563,0.733317
2518,2518009,14547,0.732511
2519,2519013,14355,0.722843
2520,2520009,14099,0.709952
2521,2521009,13843,0.697061
2522,2522014,13715,0.690616
2523,2523010,13747,0.692227
2524,2524014,13939,0.701895
2525,2525011,14195,0.714786
2526,2526015,14435,0.726871
2527,2527011,14563,0.733317
2528,2528015,14531,0.731705
2529,2529020,14355,0.722843
2530,2530010,14083,0.709146
2531,2531010,13859,0.697867
2532,2532014,13731,0.691421
2533,2533011,13763,0.693033
2534,2534008,13923,0.701090
2535,2535012,14195,0.714786
2536,2536008,14435,0.726871
2537,2537011,14563,0.733317
2538,2538015,14547,0.732511
2539,2539011,14355,0.722843
2540,2540008,14083,0.709146
2541,2541012,13843,0.697061
2542,2542008,13715,0.690616
2543,2543012,13747,0.692227
2544,2544009,13923,0.701090
2545,2545011,14211,0.715592
2546,2546008,14451,0.727677
2547,2547012,14579,0.734122
2548,2548008,14547,0.732511
2549,2549012,14355,0.722843
2550,2550009,14083,0.709146
2551,2551012,13843,0.697061
2552,2552009,13715,0.690616
2553,2553010,13747,0.692227
2554,2554014,13939,0.701895
2555,2555011,14211,0.715592
2556,2556015,14435,0.726871
2557,2557011,14579,0.734122
2558,2558015,14547,0.732511
2559,2559011,14355,0.722843
2560,2560008,14099,0.709952
2561,2561009,13843,0.697061
2562,2562008,13731,0.691421
2563,2563012,13763,0.693033
2564,2564008,13939,0.701895
2565,2565012,14211,0.715592
2566,2566009,14435,0.726871
2567,2567012,14563,0.733317
2568,2568009,14547,0.732511
2569,2569010,14355,0.722843
2570,2570015,14067,0.708341
2571,2571011,13843,0.697061
2572,2572015,13715,0.690616
2573,2573012,13747,0.692227
2574,2574008,13923,0.701090
2575,2575012,14195,0.714786
2576,2576008,14451,0.727677
2577,2577010,14563,0.733317
2578,2578015,14547,0.732511
2579,2579011,14371,0.723648
2580,2580015,14083,0.709146
2581,2581012,13859,0.697867
2582,2582008,13731,0.691421
2583,2583012,13763,0.693033
2584,2584009,13923,0.701090
2585,2585011,14211,0.715592
2586,2586010,14451,0.727677
2587,2587015,14579,0.734122
2588,2588011,14531,0.731705
2589,2589008,14355,0.722843
2590,2590012,14083,0.709146
2591,2591008,13843,0.697061
2592,2592012,13715,0.690616
2593,2593010,13763,0.693033
2594,2594009,13939,0.701895
2595,2595013,14195,0.714786
2596,2596009,14451,0.727677
2597,2597013,14579,0.734122
2598,2598010,14547,0.732511
2599,2599013,14355,0.722843
2600,2600010,14083,0.709146
2601,2601012,13859,0.697867
2602,2602010,13731,0.691421
2603,2603014,13763,0.693033
2604,2604010,13923,0.701090
2605,2605014,14195,0.714786
2606,2606010,14451,0.727677
2607,2607014,14579,0.734122
2608,2608011,14547,0.732511
2609,2609013,14355,0.722843
2610,2610011,14099,0.709952
2611,2611015,13843,0.697061
2612,2612011,13699,0.689810
2613,2613015,13779,0.693838
2614,2614012,13939,0.701895
2615,2615008,14195,0.714786
2616,2616012,14451,0.727677
2617,2617015,14579,0.734122
2618,2618013,14531,0.731705
2619,2619010,14355,0.722843
2620,2620014,14083,0.709146
2621,2621010,13859,0.697867
2622,2622014,13731,0.691421
2623,2623010,13763,0.693033
2624,2624014,13955,0.702701
2625,2625009,14227,0.716397
2626,2626014,14451,0.727677
2627,2627010,14579,0.734122
2628,2628014,14531,0.731705
2629,2629011,14355,0.722843
2630,2630015,14099,0.709952
2631,2631011,13843,0.697061
2632,2632015,13731,0.691421
2633,2633012,13747,0.692227
2634,2634008,13939,0.701895
2635,2635012,14211,0.715592
2636,2636009,14451,0.727677
2637,2637012,14563,0.733317
2638,2638009,14547,0.732511
2639,2639013,14355,0.722843
2640,2640009,14083,0.709146
2641,2641013,13859,0.697867
2642,2642012,13731,0.691421
2643,2643009,13763,0.693033
2644,2644013,13955,0.702701
2645,2645009,14195,0.714786
2646,2646013,14451,0.727677
2647,2647009,14579,0.734122
2648,2648013,14547,0.732511
2649,2649010,14355,0.722843
2650,2650008,14099,0.709952
2651,2651012,13843,0.697061
2652,2652009,13715,0.690616
2653,2653013,13747,0.692227
2654,2654009,13939,0.701895
2655,2655013,14195,0.714786
2656,2656009,14451,0.727677
2657,2657012,14579,0.734122
2658,2658011,14547,0.732511
2659,2659008,14355,0.722843
2660,2660012,14099,0.709952
2661,2661008,13843,0.697061
2662,2662012,13715,0.690616
2663,2663009,13763,0.693033
2664,2664012,13939,0.701895
2665,2665010,14211,0.715592
2666,2666015,14451,0.727677
2667,2667011,14563,0.733317
2668,2668015,14547,0.732511
2669,2669012,14355,0.722843
2670,2670008,14083,0.709146
2671,2671012,13843,0.697061
2672,2672008,13699,0.689810
2673,2673014,13731,0.691421
2674,2674012,13923,0.701090
2675,2675008,14195,0.714786
2676,2676012,14435,0.726871
2677,2677009,14563,0.733317
2678,2678013,14531,0.731705
2679,2679009,14355,0.722843
2680,2680013,14067,0.708341
2681,2681010,13859,0.697867
2682,2682014,13699,0.689810
2683,2683011,13763,0.693033
2684,2684015,13955,0.702701
2685,2685011,14195,0.714786
2686,2686015,14451,0.727677
2687,2687012,14579,0.734122
2688,2688008,14547,0.732511
2689,2689013,14355,0.722843
2690,2690011,14083,0.709146
2691,2691015,13843,0.697061
2692,2692012,13715,0.690616
2693,2693008,13747,0.692227
2694,2694012,13939,0.701895
2695,2695009,14211,0.715592
2696,2696012,14451,0.727677
2697,2697011,14579,0.734122
2698,2698008,14531,0.731705
2699,2699012,14355,0.722843
2700,2700008,14083,0.709146
2701,2701012,13843,0.697061
2702,2702009,13715,0.690616
2703,2703012,13763,0.693033
2704,2704009,13939,0.701895
2705,2705015,14195,0.714786
2706,2706012,14435,0.726871
2707,2707009,14563,0.733317
2708,2708012,14531,0.731705
2709,2709009,14355,0.722843
2710,2710013,14083,0.709146
2711,2711009,13843,0.697061
2712,2712013,13715,0.690616
2713,2713011,13763,0.693033
2714,2714009,13939,0.701895
2715,2715013,14195,0.714786
2716,2716010,14435,0.726871
2717,2717013,14579,0.734122
2718,2718010,14547,0.732511
2719,2719014,14355,0.722843
2720,2720010,14083,0.709146
2721,2721013,13843,0.697061
2722,2722014,13715,0.690616
2723,2723011,13747,0.692227
2724,2724015,13939,0.701895
2725,2725012,14195,0.714786
2726,2726008,14435,0.726871
2727,2727012,14595,0.734928
2728,2728009,14547,0.732511
2729,2729008,14355,0.722843
2730,2730012,14083,0.709146
2731,2731009,13843,0.697061
2732,2732013,13731,0.691421
2733,2733009,13763,0.693033
2734,2734013,13955,0.702701
2735,2735010,14211,0.715592
2736,2736014,14451,0.727677
2737,2737014,14563,0.733317
2738,2738012,14563,0.733317
2739,2739009,14355,0.722843
2740,2740013,14083,0.709146
2741,2741009,13843,0.697061
2742,2742013,13731,0.691421
2743,2743010,13763,0.693033
2744,2744013,13939,0.701895
2745,2745012,14211,0.715592
2746,2746010,14451,0.727677
2747,2747014,14579,0.734122
2748,2748011,14531,0.731705
2749,2749014,14355,0.722843
2750,2750011,14083,0.709146
2751,2751015,13843,0.697061
2752,2752011,13715,0.690616
2753,2753012,13747,0.692227
2754,2754009,13939,0.701895
2755,2755013,14195,0.714786
2756,2756010,14451,0.727677
2757,2757013,14579,0.734122
2758,2758010,14531,0.731705
2759,2759014,14355,0.722843
2760,2760010,14099,0.709952
2761,2761010,13843,0.697061
2762,2762015,13715,0.690616
2763,2763011,13747,0.692227
2764,2764008,13939,0.701895
2765,2765012,14195,0.714786
2766,2766008,14435,0.726871
2767,2767012,14579,0.734122
2768,2768009,14547,0.732511
2769,2769009,14355,0.722843
2770,2770014,14083,0.709146
2771,2771011,13843,0.697061
2772,2772014,13603,0.684976
2773,2773011,13747,0.692227
2774,2774015,13939,0.701895
2775,2775011,14195,0.714786
2776,2776015,14451,0.727677
2777,2777009,14579,0.734122
2778,2778014,14547,0.732511
2779,2779011,14355,0.722843
2780,2780014,14083,0.709146
2781,2781011,13827,0.696255
2782,2782015,13715,0.690616
2783,2783011,13747,0.692227
2784,2784008,13939,0.701895
2785,2785024,14195,0.714786
2786,2786012,14451,0.727677
2787,2787011,14563,0.733317
2788,2788015,14547,0.732511
2789,2789012,14355,0.722843
2790,2790008,14083,0.709146
2791,2791012,13843,0.697061
2792,2792008,13715,0.690616
2793,2793013,13763,0.693033
2794,2794011,13939,0.701895
2795,2795015,14195,0.714786
2796,2796011,14451,0.727677
2797,2797008,14579,0.734122
2798,2798012,14531,0.731705
2799,2799008,14355,0.722843
2800,2800012,14099,0.709952
2801,2801014,13843,0.697061
2802,2802011,13715,0.690616
2803,2803014,13763,0.693033
2804,2804011,13939,0.701895
2805,2805015,14211,0.715592
2806,2806011,14435,0.726871
2807,2807015,14579,0.734122
2808,2808012,14531,0.731705
2809,2809014,14355,0.722843
2810,2810010,14083,0.709146
2811,2811014,13843,0.697061
2812,2812011,13715,0.690616
2813,2813015,13763,0.693033
2814,2814011,13923,0.701090
2815,2815015,14211,0.715592
2816,2816011,14451,0.727677
2817,2817013,14579,0.734122
2818,2818010,14531,0.731705
2819,2819014,14355,0.722843
2820,2820011,14083,0.709146
2821,2821014,13843,0.697061
2822,2822011,13715,0.690616
2823,2823015,13747,0.692227
2824,2824011,13939,0.701895
2825,2825014,14195,0.714786
2826,2826011,14435,0.726871
2827,2827015,14579,0.734122
2828,2828011,14547,0.732511
2829,2829015,14355,0.722843
2830,2830012,14083,0.709146
2831,2831008,13843,0.697061
2832,2832012,13731,0.691421
2833,2833015,13747,0.692227
2834,2834011,13939,0.701895
2835,2835008,14195,0.714786
2836,2836012,14451,0.727677
2837,2837008,14579,0.734122
2838,2838012,14547,0.732511
2839,2839009,14371,0.723648
2840,2840012,14083,0.709146
2841,2841014,13843,0.697061
2842,2842013,13715,0.690616
2843,2843010,13763,0.693033
2844,2844014,13955,0.702701
2845,2845010,14195,0.714786
2846,2846014,14451,0.727677
2847,2847011,14563,0.733317
2848,2848014,14531,0.731705
2849,2849009,14355,0.722843
2850,2850010,14083,0.709146
2851,2851008,13843,0.697061
2852,2852013,13731,0.691421
2853,2853010,13763,0.693033
2854,2854014,13939,0.701895
2855,2855010,14195,0.714786
2856,2856014,14451,0.727677
2857,2857010,14563,0.733317
2858,2858015,14531,0.731705
2859,2859011,14355,0.722843
2860,2860015,14083,0.709146
2861,2861012,13843,0.697061
2862,2862008,13731,0.691421
2863,2863012,13747,0.692227
2864,2864008,13939,0.701895
2865,2865012,14195,0.714786
2866,2866010,14451,0.727677
2867,2867014,14563,0.733317
2868,2868010,14531,0.731705
2869,2869014,14355,0.722843
2870,2870011,14083,0.709146
2871,2871014,13859,0.697867
2872,2872011,13731,0.691421
2873,2873015,13747,0.692227
2874,2874014,13939,0.701895
2875,2875011,14179,0.713980
2876,2876015,14451,0.727677
2877,2877011,14547,0.732511
2878,2878015,14515,0.730900
2879,2879012,14355,0.722843
2880,2880008,14083,0.709146
2881,2881012,13843,0.697061
2882,2882010,13715,0.690616
2883,2883014,13763,0.693033
2884,2884010,13923,0.701090
2885,2885014,14195,0.714786
2886,2886010,14435,0.726871
2887,2887014,14579,0.734122
2888,2888011,14531,0.731705
2889,2889008,14355,0.722843
2890,2890014,14083,0.709146
2891,2891011,13859,0.697867
2892,2892014,13731,0.691421
2893,2893011,13747,0.692227
2894,2894015,13955,0.702701
2895,2895011,14195,0.714786
2896,2896008,14451,0.727677
2897,2897012,14579,0.734122
2898,2898009,14547,0.732511
2899,2899013,14355,0.722843
2900,2900009,14083,0.709146
2901,2901013,13859,0.697867
2902,2902010,13715,0.690616
2903,2903013,13763,0.693033
2904,2904010,13923,0.701090
2905,2905015,14211,0.715592
2906,2906013,14435,0.726871
2907,2907010,14547,0.732511
2908,2908014,14547,0.732511
2909,2909010,14355,0.722843
2910,2910014,14099,0.709952
2911,2911010,13827,0.696255
2912,2912014,13715,0.690616
2913,2913015,13747,0.692227
2914,2914009,13939,0.701895
2915,2915014,14195,0.714786
2916,2916010,14467,0.728482
2917,2917014,14563,0.733317
2918,2918011,14531,0.731705
2919,2919015,14355,0.722843
2920,2920011,14099,0.709952
2921,2921010,13843,0.697061
2922,2922008,13731,0.691421
2923,2923012,13747,0.692227
2924,2924008,13939,0.701895
2925,2925012,14211,0.715592
2926,2926009,14451,0.727677
2927,2927013,14563,0.733317
2928,2928009,14531,0.731705
2929,2929014,14355,0.722843
2930,2930011,14083,0.709146
2931,2931015,13843,0.697061
2932,2932011,13715,0.690616
2933,2933015,13763,0.693033
2934,2934012,13955,0.702701
2935,2935008,14195,0.714786
2936,2936012,14467,0.728482
2937,2937010,14563,0.733317
2938,2938015,14531,0.731705
2939,2939012,14371,0.723648
2940,2940008,14083,0.709146
2941,2941012,13843,0.697061
2942,2942009,13715,0.690616
2943,2943012,13763,0.693033
2944,2944009,13939,0.701895
2945,2945014,14211,0.715592
2946,2946011,14451,0.727677
2947,2947008,14563,0.733317
2948,2948012,14547,0.732511
2949,2949008,14355,0.722843
2950,2950012,14099,0.709952
2951,2951009,13843,0.697061
2952,2952012,13731,0.691421
2953,2953012,13763,0.693033
2954,2954009,13955,0.702701
2955,2955013,14211,0.715592
2956,2956010,14451,0.727677
2957,2957014,14563,0.733317
2958,2958010,14531,0.731705
2959,2959014,14371,0.723648
2960,2960010,14083,0.709146
2961,2961011,13843,0.697061
2962,2962010,13731,0.691421
2963,2963014,13763,0.693033
2964,2964010,13939,0.701895
2965,2965014,14211,0.715592
2966,2966011,14435,0.726871
2967,2967014,14579,0.734122
2968,2968011,14531,0.731705
2969,2969010,14371,0.723648
2970,2970015,14083,0.709146
2971,2971011,13843,0.697061
2972,2972008,13731,0.691421
2973,2973012,13763,0.693033
2974,2974008,13923,0.701090
2975,2975012,14211,0.715592
2976,2976009,14451,0.727677
2977,2977014,14563,0.733317
2978,2978013,14531,0.731705
2979,2979010,14339,0.722037
2980,2980014,14099,0.709952
2981,2981010,13827,0.696255
2982,2982014,13731,0.691421
2983,2983010,13747,0.692227
2984,2984014,13955,0.702701
2985,2985014,14211,0.715592
2986,2986011,14435,0.726871
2987,2987008,14579,0.734122
2988,2988012,14547,0.732511
2989,2989008,14355,0.722843
2990,2990012,14083,0.709146
2991,2991009,13843,0.697061
2992,2992013,13715,0.690616
2993,2993012,13763,0.693033
2994,2994010,13939,0.701895
2995,2995014,14211,0.715592
2996,2996011,14451,0.727677
2997,2997015,14563,0.733317
2998,2998011,14531,0.731705
2999,2999015,14355,0.722843
3000,3000012,14067,0.708341
3001,3001012,13843,0.697061
3002,3002011,13715,0.690616
3003,3003015,13763,0.693033
3004,3004011,13923,0.701090
3005,3005015,14195,0.714786
3006,3006012,14435,0.726871
3007,3007008,14563,0.733317
3008,3008012,14531,0.731705
3009,3009012,14355,0.722843
3010,3010012,14099,0.709952
3011,3011009,13843,0.697061
3012,3012013,13731,0.691421
3013,3013009,13747,0.692227
3014,3014013,13955,0.702701
3015,3015009,14195,0.714786
3016,3016013,14451,0.727677
3017,3017014,14563,0.733317
3018,3018012,14547,0.732511
3019,3019008,14355,0.722843
3020,3020012,14083,0.709146
3021,3021009,13859,0.697867
3022,3022013,13715,0.690616
3023,3023009,13763,0.693033
3024,3024013,13939,0.701895
3025,3025014,14195,0.714786
3026,3026013,14451,0.727677
3027,3027010,14579,0.734122
3028,3028013,14531,0.731705
3029,3029010,14355,0.722843
3030,3030014,14099,0.709952
3031,3031010,13843,0.697061
3032,3032014,13731,0.691421
3033,3033008,13763,0.693033
3034,3034013,13939,0.701895
3035,3035011,14211,0.715592
3036,3036008,14451,0.727677
3037,3037012,14579,0.734122
3038,3038009,14547,0.732511
3039,3039013,14355,0.722843
3040,3040009,14083,0.709146
3041,3041128,13795,0.694644
3042,3042014,13763,0.693033
3043,3043012,13747,0.692227
3044,3044008,13939,0.701895
3045,3045012,14211,0.715592
3046,3046009,14435,0.726871
3047,3047013,14579,0.734122
3048,3048009,14547,0.732511
3049,3049014,14355,0.722843
3050,3050012,14083,0.709146
3051,3051009,13843,0.697061
3052,3052013,13715,0.690616
3053,3053009,13747,0.692227
3054,3054013,13939,0.701895
3055,3055010,14179,0.713980
3056,3056013,14451,0.727677
3057,3057009,14579,0.734122
3058,3058013,14547,0.732511
3059,3059009,14355,0.722843
3060,3060013,14083,0.709146
3061,3061009,13843,0.697061
3062,3062013,13715,0.690616
3063,3063010,13747,0.692227
3064,3064014,13939,0.701895
3065,3065008,14179,0.713980
3066,3066013,14451,0.727677
3067,3067010,14579,0.734122
3068,3068013,14547,0.732511
3069,3069010,14355,0.722843
3070,3070014,14083,0.709146
3071,3071010,13843,0.697061
3072,3072014,13731,0.691421
3073,3073010,13763,0.693033
3074,3074008,13939,0.701895
3075,3075012,14211,0.715592
3076,3076009,14435,0.726871
3077,3077012,14563,0.733317
3078,3078009,14531,0.731705
3079,3079013,14371,0.723648
3080,3080009,14083,0.709146
3081,3081011,13827,0.696255
3082,3082008,13699,0.689810
3083,3083012,13747,0.692227
3084,3084009,13923,0.701090
3085,3085012,14195,0.714786
3086,3086009,14435,0.726871
3087,3087013,14563,0.733317
3088,3088009,14531,0.731705
3089,3089012,14355,0.722843
3090,3090009,14083,0.709146
3091,3091013,13843,0.697061
3092,3092009,13715,0.690616
3093,3093013,13747,0.692227
3094,3094010,13923,0.701090
3095,3095013,14211,0.715592
3096,3096010,14451,0.727677
3097,3097014,14579,0.734122
3098,3098014,14531,0.731705
3099,3099011,14355,0.722843
3100,3100015,14083,0.709146
3101,3101011,13843,0.697061
3102,3102015,13731,0.691421
3103,3103012,13747,0.692227
3104,3104008,13939,0.701895
3105,3105009,14179,0.713980
3106,3106008,14435,0.726871
3107,3107012,14579,0.734122
3108,3108009,14547,0.732511
3109,3109012,14355,0.722843
3110,3110009,14083,0.709146
3111,3111013,13859,0.697867
3112,3112009,13715,0.690616
3113,3113015,13747,0.692227
3114,3114013,13939,0.701895
3115,3115009,14211,0.715592
3116,3116013,14451,0.727677
3117,3117010,14563,0.733317
3118,3118014,14547,0.732511
3119,3119010,14355,0.722843
3120,3120014,14083,0.709146
3121,3121011,13843,0.697061
3122,3122008,13715,0.690616
3123,3123012,13747,0.692227
3124,3124009,13939,0.701895
3125,3125013,14195,0.714786
3126,3126009,14435,0.726871
3127,3127013,14579,0.734122
3128,3128009,14531,0.731705
3129,3129015,14355,0.722843
3130,3130013,14083,0.709146
3131,3131009,13859,0.697867
3132,3132013,13731,0.691421
3133,3133010,13747,0.692227
3134,3134014,13971,0.703507
3135,3135010,14211,0.715592
3136,3136014,14435,0.726871
3137,3137012,14579,0.734122
3138,3138008,14531,0.731705
3139,3139012,14355,0.722843
3140,3140009,14099,0.709952
3141,3141012,13859,0.697867
3142,3142009,13715,0.690616
3143,3143013,13763,0.693033
3144,3144009,13939,0.701895
3145,3145014,14195,0.714786
3146,3146013,14435,0.726871
3147,3147010,14563,0.733317
3148,3148014,14547,0.732511
3149,3149010,14355,0.722843
3150,3150014,14083,0.709146
3151,3151011,13843,0.697061
3152,3152015,13731,0.691421
3153,3153013,13763,0.693033
3154,3154011,13939,0.701895
3155,3155008,14179,0.713980
3156,3156012,14451,0.727677
3157,3157009,14579,0.734122
3158,3158013,14531,0.731705
3159,3159009,14355,0.722843
3160,3160013,14083,0.709146
3161,3161011,13843,0.697061
3162,3162009,13715,0.690616
3163,3163013,13747,0.692227
3164,3164009,13939,0.701895
3165,3165013,14195,0.714786
3166,3166010,14451,0.727677
3167,3167014,14579,0.734122
3168,3168010,14531,0.731705
3169,3169015,14355,0.722843
3170,3170014,14083,0.709146
3171,3171011,13843,0.697061
3172,3172015,13731,0.691421
3173,3173011,13763,0.693033
3174,3174015,13955,0.702701
3175,3175012,14211,0.715592
3176,3176008,14435,0.726871
3177,3177015,14579,0.734122
3178,3178014,14547,0.732511
3179,3179010,14371,0.723648
3180,3180014,14099,0.709952
3181,3181011,13859,0.697867
3182,3182015,13731,0.691421
3183,3183011,13731,0.691421
3184,3184015,13939,0.701895
3185,3185015,14195,0.714786
3186,3186013,14435,0.726871
3187,3187010,14563,0.733317
3188,3188014,14531,0.731705
3189,3189010,14355,0.722843
3190,3190014,14083,0.709146
3191,3191011,13843,0.697061
3192,3192014,13715,0.690616
3193,3193013,13747,0.692227
3194,3194011,13923,0.701090
3195,3195015,14211,0.715592
3196,3196012,14451,0.727677
3197,3197008,14563,0.733317
3198,3198012,14547,0.732511
3199,3199008,14355,0.722843
3200,3200012,14099,0.709952
3201,3201012,13843,0.697061
3202,3202009,13715,0.690616
3203,3203013,13763,0.693033
3204,3204009,13939,0.701895
3205,3205013,14211,0.715592
3206,3206010,14435,0.726871
3207,3207013,14579,0.734122
3208,3208010,14531,0.731705
3209,3209010,14339,0.722037
3210,3210015,14083,0.709146
3211,3211012,13843,0.697061
3212,3212008,13731,0.691421
3213,3213012,13763,0.693033
3214,3214009,13955,0.702701
3215,3215012,14195,0.714786
3216,3216009,14451,0.727677
3217,3217008,14579,0.734122
3218,3218013,14547,0.732511
3219,3219010,14355,0.722843
3220,3220014,14083,0.709146
3221,3221010,13843,0.697061
3222,3222014,13731,0.691421
3223,3223011,13747,0.692227
3224,3224015,13955,0.702701
3225,3225008,14195,0.714786
3226,3226013,14451,0.727677
3227,3227010,14579,0.734122
3228,3228014,14547,0.732511
3229,3229010,14355,0.722843
3230,3230014,14099,0.709952
3231,3231011,13843,0.697061
3232,3232015,13731,0.691421
3233,3233010,13747,0.692227
3234,3234015,13939,0.701895
3235,3235012,14195,0.714786
3236,3236008,14435,0.726871
3237,3237012,14579,0.734122
3238,3238009,14547,0.732511
3239,3239013,14371,0.723648
3240,3240009,14083,0.709146
3241,3241010,13827,0.696255
3242,3242014,13731,0.691421
3243,3243011,13763,0.693033
3244,3244014,13939,0.701895
3245,3245011,14195,0.714786
3246,3246015,14451,0.727677
3247,3247011,14579,0.734122
3248,3248015,14563,0.733317
3249,3249010,14355,0.722843
3250,3250015,14099,0.709952
3251,3251011,13843,0.697061
3252,3252015,13715,0.690616
3253,3253012,13763,0.693033
3254,3254008,13955,0.702701
3255,3255012,14195,0.714786
3256,3256008,14467,0.728482
3257,3257010,14563,0.733317
3258,3258015,14547,0.732511
3259,3259011,14355,0.722843
3260,3260008,14099,0.709952
3261,3261012,13859,0.697867
3262,3262008,13731,0.691421
3263,3263012,13763,0.693033
3264,3264009,13955,0.702701
3265,3265011,14195,0.714786
3266,3266009,14435,0.726871
3267,3267013,14579,0.734122
3268,3268009,14531,0.731705
3269,3269013,14355,0.722843
3270,3270010,14083,0.709146
3271,3271013,13843,0.697061
3272,3272010,13731,0.691421
3273,3273011,13747,0.692227
3274,3274008,13939,0.701895
3275,3275012,14211,0.715592
3276,3276009,14467,0.728482
3277,3277013,14579,0.734122
3278,3278009,14547,0.732511
3279,3279013,14371,0.723648
3280,3280009,14099,0.709952
3281,3281011,13843,0.697061
3282,3282008,13731,0.691421
3283,3283012,13763,0.693033
3284,3284008,13843,0.697061
3285,3285012,14195,0.714786
3286,3286009,14435,0.726871
3287,3287012,14579,0.734122
3288,3288009,14547,0.732511
3289,3289011,14371,0.723648
3290,3290010,14099,0.709952
3291,3291014,13859,0.697867
3292,3292011,13731,0.691421
3293,3293014,13763,0.693033
3294,3294011,13939,0.701895
3295,3295015,14211,0.715592
3296,3296011,14451,0.727677
3297,3297019,14547,0.732511
3298,3298014,14547,0.732511
3299,3299010,14355,0.722843
3300,3300014,14099,0.709952
3301,3301011,13843,0.697061
3302,3302015,13731,0.691421
3303,3303011,13763,0.693033
3304,3304015,13939,0.701895
3305,3305011,14227,0.716397
3306,3306008,14467,0.728482
3307,3307012,14579,0.734122
3308,3308009,14547,0.732511
3309,3309013,14371,0.723648
3310,3310009,14083,0.709146
3311,3311013,13859,0.697867
3312,3312009,13715,0.690616
3313,3313014,13763,0.693033
3314,3314011,13939,0.701895
3315,3315008,14211,0.715592
3316,3316012,14451,0.727677
3317,3317008,14579,0.734122
3318,3318012,14547,0.732511
3319,3319009,14355,0.722843
3320,3320013,14083,0.709146
3321,3321010,13843,0.697061
3322,3322009,13715,0.690616
3323,3323014,13763,0.693033
3324,3324011,13939,0.701895
3325,3325015,14211,0.715592
3326,3326011,14435,0.726871
3327,3327015,14563,0.733317
3328,3328011,14531,0.731705
3329,3329008,14371,0.723648
3330,3330014,14083,0.709146
3331,3331010,13843,0.697061
3332,3332014,13731,0.691421
3333,3333011,13763,0.693033
3334,3334014,13955,0.702701
3335,3335011,14195,0.714786
3336,3336015,14451,0.727677
3337,3337011,14579,0.734122
3338,3338010,14531,0.731705
3339,3339015,14339,0.722037
3340,3340012,14083,0.709146
3341,3341008,13843,0.697061
3342,3342012,13731,0.691421
3343,3343008,13747,0.692227
3344,3344012,13955,0.702701
3345,3345009,14211,0.715592
3346,3346015,14451,0.727677
3347,3347011,14579,0.734122
3348,3348015,14531,0.731705
3349,3349012,14355,0.722843
3350,3350008,14083,0.709146
3351,3351012,13827,0.696255
3352,3352008,13731,0.691421
3353,3353014,13747,0.692227
3354,3354011,13923,0.701090
3355,3355015,14211,0.715592
3356,3356011,14435,0.726871
3357,3357015,14579,0.734122
3358,3358012,14531,0.731705
3359,3359008,14355,0.722843
3360,3360012,14067,0.708341
3361,3361014,13843,0.697061
3362,3362011,13715,0.690616
3363,3363009,13731,0.691421
3364,3364013,13939,0.701895
3365,3365009,14195,0.714786
3366,3366013,14451,0.727677
3367,3367009,14563,0.733317
3368,3368013,14547,0.732511
3369,3369012,14355,0.722843
3370,3370010,14083,0.709146
3371,3371014,13859,0.697867
3372,3372010,13731,0.691421
3373,3373014,13763,0.693033
3374,3374011,13923,0.701090
3375,3375015,14195,0.714786
3376,3376011,14435,0.726871
3377,3377009,14563,0.733317
3378,3378015,14531,0.731705
3379,3379011,14371,0.723648
3380,3380008,14099,0.709952
3381,3381012,13859,0.697867
3382,3382008,13715,0.690616
3383,3383012,13747,0.692227
3384,3384009,13939,0.701895
3385,3385015,14179,0.713980
3386,3386012,14435,0.726871
3387,3387008,14579,0.734122
3388,3388012,14531,0.731705
3389,3389008,14339,0.722037
3390,3390012,14083,0.709146
3391,3391009,13843,0.697061
3392,3392013,13715,0.690616
3393,3393010,13747,0.692227
3394,3394015,13923,0.701090
3395,3395011,14211,0.715592
3396,3396008,14435,0.726871
3397,3397012,14563,0.733317
3398,3398008,14547,0.732511
3399,3399012,14355,0.722843
3400,3400009,14083,0.709146
3401,3401014,13843,0.697061
3402,3402014,13715,0.690616
3403,3403010,13747,0.692227
3404,3404014,13923,0.701090
3405,3405011,14211,0.715592
3406,3406014,14451,0.727677
3407,3407011,14563,0.733317
3408,3408015,14547,0.732511
3409,3409014,14355,0.722843
3410,3410012,14083,0.709146
3411,3411009,13859,0.697867
3412,3412013,13731,0.691421
3413,3413009,13747,0.692227
3414,3414013,13939,0.701895
3415,3415010,14195,0.714786
3416,3416014,14467,0.728482
3417,3417013,14563,0.733317
3418,3418011,14531,0.731705
3419,3419015,14355,0.722843
3420,3420011,14099,0.709952
3421,3421008,13843,0.697061
3422,3422012,13715,0.690616
3423,3423008,13763,0.693033
3424,3424012,13939,0.701895
3425,3425012,14195,0.714786
3426,3426012,14451,0.727677
3427,3427009,14579,0.734122
3428,3428013,14531,0.731705
3429,3429009,14355,0.722843
3430,3430013,14099,0.709952
3431,3431010,13843,0.697061
3432,3432013,13731,0.691421
3433,3433014,13763,0.693033
3434,3434011,13923,0.701090
3435,3435015,14211,0.715592
3436,3436011,14435,0.726871
3437,3437008,14579,0.734122
3438,3438012,14547,0.732511
3439,3439008,14355,0.722843
3440,3440012,14083,0.709146
3441,3441012,13843,0.697061
3442,3442010,13715,0.690616
3443,3443013,13763,0.693033
3444,3444010,13939,0.701895
3445,3445014,14195,0.714786
3446,3446010,14451,0.727677
3447,3447014,14579,0.734122
3448,3448011,14531,0.731705
3449,3449011,14355,0.722843
3450,3450008,14099,0.709952
3451,3451012,13859,0.697867
3452,3452009,13715,0.690616
3453,3453012,13763,0.693033
3454,3454009,13923,0.701090
3455,3455013,14211,0.715592
3456,3456009,14451,0.727677
3457,3457010,14579,0.734122
3458,3458014,14547,0.732511
3459,3459011,14355,0.722843
3460,3460015,14083,0.709146
3461,3461011,13843,0.697061
3462,3462015,13715,0.690616
3463,3463012,13763,0.693033
3464,3464008,13939,0.701895
3465,3465015,14211,0.715592
3466,3466012,14451,0.727677
3467,3467008,14563,0.733317
3468,3468012,14547,0.732511
3469,3469009,14355,0.722843
3470,3470013,14083,0.709146
3471,3471009,13843,0.697061
3472,3472013,13715,0.690616
3473,3473013,13747,0.692227
3474,3474010,13939,0.701895
3475,3475014,14211,0.715592
3476,3476010,14435,0.726871
3477,3477014,14579,0.734122
3478,3478011,14531,0.731705
3479,3479014,14371,0.723648
3480,3480011,14083,0.709146
3481,3481012,13859,0.697867
3482,3482012,13715,0.690616
3483,3483008,13763,0.693033
3484,3484012,13955,0.702701
3485,3485009,14179,0.713980
3486,3486013,14451,0.727677
3487,3487009,14579,0.734122
3488,3488013,14547,0.732511
3489,3489011,14355,0.722843
3490,3490009,14067,0.708341
3491,3491013,13843,0.697061
3492,3492010,13715,0.690616
3493,3493014,13763,0.693033
3494,3494010,13923,0.701090
3495,3495014,14195,0.714786
3496,3496011,14435,0.726871
3497,3497012,14563,0.733317
3498,3498011,14547,0.732511
3499,3499014,14371,0.723648
3500,3500011,14083,0.709146
3501,3501015,13859,0.697867
3502,3502011,13715,0.690616
3503,3503015,13763,0.693033
3504,3504012,13939,0.701895
3505,3505014,14211,0.715592
3506,3506014,14451,0.727677
3507,3507011,14563,0.733317
3508,3508014,14547,0.732511
3509,3509011,14339,0.722037
3510,3510015,14099,0.709952
3511,3511011,13843,0.697061
3512,3512008,13715,0.690616
3513,3513010,13747,0.692227
3514,3514008,13955,0.702701
3515,3515012,14211,0.715592
3516,3516009,14435,0.726871
3517,3517012,14579,0.734122
3518,3518009,14547,0.732511
3519,3519013,14371,0.723648
3520,3520009,14083,0.709146
3521,3521011,13843,0.697061
3522,3522008,13731,0.691421
3523,3523012,13747,0.692227
3524,3524008,13955,0.702701
3525,3525012,14211,0.715592
3526,3526009,14435,0.726871
3527,3527013,14579,0.734122
3528,3528009,14547,0.732511
3529,3529012,14371,0.723648
3530,3530009,14083,0.709146
3531,3531013,13843,0.697061
3532,3532009,13715,0.690616
3533,3533013,13763,0.693033
3534,3534010,13939,0.701895
3535,3535014,14211,0.715592
3536,3536010,14435,0.726871
3537,3537012,14579,0.734122
3538,3538011,14547,0.732511
3539,3539015,14355,0.722843
3540,3540011,14083,0.709146
3541,3541008,13843,0.697061
3542,3542012,13731,0.691421
3543,3543008,13763,0.693033
3544,3544012,13939,0.701895
3545,3545008,14211,0.715592
3546,3546008,14435,0.726871
3547,3547013,14595,0.734928
3548,3548010,14531,0.731705
3549,3549014,14355,0.722843
3550,3550011,14083,0.709146
3551,3551015,13859,0.697867
3552,3552011,13715,0.690616
3553,3553021,13763,0.693033
3554,3554010,13923,0.701090
3555,3555015,14211,0.715592
3556,3556012,14435,0.726871
3557,3557008,14579,0.734122
3558,3558012,14563,0.733317
3559,3559009,14355,0.722843
3560,3560013,14099,0.709952
3561,3561014,13859,0.697867
3562,3562011,13731,0.691421
3563,3563008,13763,0.693033
3564,3564012,13939,0.701895
3565,3565008,14195,0.714786
3566,3566012,14467,0.728482
3567,3567009,14579,0.734122
3568,3568012,14547,0.732511
3569,3569009,14371,0.723648
3570,3570014,14099,0.709952
3571,3571010,13859,0.697867
3572,3572014,13731,0.691421
3573,3573011,13747,0.692227
3574,3574014,13955,0.702701
3575,3575011,14211,0.715592
3576,3576015,14467,0.728482
3577,3577011,14579,0.734122
3578,3578010,14531,0.731705
3579,3579014,14371,0.723648
3580,3580010,14099,0.709952
3581,3581014,13859,0.697867
3582,3582010,13731,0.691421
3583,3583014,13763,0.693033
3584,3584011,13955,0.702701
3585,3585008,14211,0.715592
3586,3586012,14451,0.727677
3587,3587009,14579,0.734122
3588,3588012,14531,0.731705
3589,3589009,14355,0.722843
3590,3590013,14099,0.709952
3591,3591009,13843,0.697061
3592,3592013,13715,0.690616
3593,3593011,13715,0.690616
3594,3594009,13923,0.701090
3595,3595013,14195,0.714786
3596,3596009,14435,0.726871
3597,3597013,14579,0.734122
3598,3598009,14531,0.731705
3599,3599013,14355,0.722843
3600,3600010,14083,0.709146
3601,3601015,13859,0.697867
3602,3602012,13715,0.690616
3603,3603009,13747,0.692227
3604,3604012,13939,0.701895
3605,3605009,14195,0.714786
3606,3606013,14435,0.726871
3607,3607009,14563,0.733317
3608,3608013,14547,0.732511
3609,3609012,14355,0.722843
3610,3610011,14099,0.709952
3611,3611010,13843,0.697061
3612,3612013,13715,0.690616
3613,3613010,13747,0.692227
3614,3614014,13939,0.701895
3615,3615010,14211,0.715592
3616,3616014,14467,0.728482
3617,3617011,14563,0.733317
3618,3618010,14547,0.732511
3619,3619014,14371,0.723648
3620,3620011,14083,0.709146
3621,3621015,13859,0.697867
3622,3622011,13731,0.691421
3623,3623015,13763,0.693033
3624,3624012,13955,0.702701
3625,3625012,14195,0.714786
3626,3626010,14467,0.728482
3627,3627014,14579,0.734122
3628,3628010,14547,0.732511
3629,3629014,14371,0.723648
3630,3630011,14083,0.709146
3631,3631015,13859,0.697867
3632,3632011,13731,0.691421
3633,3633010,13779,0.693838
3634,3634008,13955,0.702701
3635,3635012,14211,0.715592
3636,3636008,14451,0.727677
3637,3637012,14579,0.734122
3638,3638009,14547,0.732511
3639,3639013,14371,0.723648
3640,3640009,14083,0.709146
3641,3641008,13843,0.697061
3642,3642015,13731,0.691421
3643,3643012,13763,0.693033
3644,3644008,13939,0.701895
3645,3645012,14211,0.715592
3646,3646008,14467,0.728482
3647,3647012,14595,0.734928
3648,3648009,14547,0.732511
3649,3649015,14355,0.722843
3650,3650012,14083,0.709146
3651,3651008,13859,0.697867
3652,3652012,13731,0.691421
3653,3653009,13763,0.693033
3654,3654013,13939,0.701895
3655,3655009,14211,0.715592
3656,3656013,14467,0.728482
3657,3657013,14595,0.734928
3658,3658011,14547,0.732511
3659,3659015,14355,0.722843
3660,3660011,14099,0.709952
3661,3661008,13843,0.697061
3662,3662012,13731,0.691421
3663,3663008,13763,0.693033
3664,3664012,13955,0.702701
3665,3665012,14211,0.715592
3666,3666011,14467,0.728482
3667,3667008,14595,0.734928
3668,3668012,14547,0.732511
3669,3669008,14371,0.723648
3670,3670012,14099,0.709952
3671,3671009,13859,0.697867
3672,3672012,13731,0.691421
3673,3673013,13763,0.693033
3674,3674010,13939,0.701895
3675,3675014,14211,0.715592
3676,3676010,14451,0.727677
3677,3677014,14579,0.734122
3678,3678011,14547,0.732511
3679,3679014,14371,0.723648
3680,3680011,14099,0.709952
3681,3681016,13859,0.697867
3682,3682015,13731,0.691421
3683,3683011,13747,0.692227
3684,3684008,13955,0.702701
3685,3685012,14211,0.715592
3686,3686008,14451,0.727677
3687,3687012,14579,0.734122
3688,3688009,14547,0.732511
3689,3689009,14371,0.723648
3690,3690013,14099,0.709952
3691,3691010,13843,0.697061
3692,3692014,13731,0.691421
3693,3693010,13763,0.693033
3694,3694014,13923,0.701090
3695,3695010,14163,0.713175
3696,3696014,14451,0.727677
3697,3697015,14563,0.733317
3698,3698014,14531,0.731705
3699,3699010,14355,0.722843
3700,3700014,14099,0.709952
3701,3701011,13843,0.697061
3702,3702014,13731,0.691421
3703,3703011,13747,0.692227
3704,3704015,13939,0.701895
3705,3705008,14195,0.714786
3706,3706014,14451,0.727677
3707,3707011,14563,0.733317
3708,3708015,14547,0.732511
3709,3709012,14355,0.722843
3710,3710008,14083,0.709146
3711,3711012,13859,0.697867
3712,3712008,13715,0.690616
3713,3713010,13763,0.693033
3714,3714009,13939,0.701895
3715,3715014,14211,0.715592
3716,3716010,14451,0.727677
3717,3717014,14595,0.734928
3718,3718011,14547,0.732511
3719,3719014,14355,0.722843
3720,3720011,14083,0.709146
3721,3721012,13843,0.697061
3722,3722008,13715,0.690616
3723,3723012,13763,0.693033
3724,3724009,13939,0.701895
3725,3725013,14211,0.715592
3726,3726009,14451,0.727677
3727,3727013,14595,0.734928
3728,3728009,14531,0.731705
3729,3729011,14355,0.722843
3730,3730010,14099,0.709952
3731,3731014,13843,0.697061
3732,3732011,13731,0.691421
3733,3733015,13763,0.693033
3734,3734011,13939,0.701895
3735,3735015,14211,0.715592
3736,3736011,14435,0.726871
3737,3737014,14579,0.734122
3738,3738013,14531,0.731705
3739,3739009,14371,0.723648
3740,3740013,14099,0.709952
3741,3741010,13843,0.697061
3742,3742014,13715,0.690616
3743,3743010,13763,0.693033
3744,3744014,13939,0.701895
3745,3745010,14211,0.715592
3746,3746011,14435,0.726871
3747,3747009,14563,0.733317
3748,3748012,14515,0.730900
3749,3749009,14339,0.722037
3750,3750013,14051,0.707535
3751,3751009,13811,0.695450
3752,3752013,13699,0.689810
3753,3753009,13715,0.690616
3754,3754013,13891,0.699478
3755,3755010,14163,0.713175
3756,3756014,14419,0.726065
3757,3757010,14515,0.730900
3758,3758014,14515,0.730900
3759,3759011,14307,0.720426
3760,3760015,14051,0.707535
3761,3761010,13827,0.696255
3762,3762015,13683,0.689004
3763,3763011,13731,0.691421
3764,3764015,13907,0.700284
3765,3765012,14179,0.713980
3766,3766008,14419,0.726065
3767,3767012,14563,0.733317
3768,3768008,14531,0.731705
3769,3769011,14339,0.722037
3770,3770008,14083,0.709146
3771,3771012,13843,0.697061
3772,3772008,13699,0.689810
3773,3773012,13747,0.692227
3774,3774009,13923,0.701090
3775,3775013,14179,0.713980
3776,3776009,14435,0.726871
3777,3777013,14563,0.733317
3778,3778012,14547,0.732511
3779,3779009,14355,0.722843
3780,3780013,14083,0.709146
3781,3781009,13827,0.696255
3782,3782013,13715,0.690616
3783,3783010,13747,0.692227
3784,3784013,13939,0.701895
3785,3785009,14179,0.713980
3786,3786015,14435,0.726871
3787,3787011,14563,0.733317
3788,3788008,14547,0.732511
3789,3789012,14355,0.722843
3790,3790008,14083,0.709146
3791,3791012,13843,0.697061
3792,3792009,13715,0.690616
3793,3793012,13763,0.693033
3794,3794010,13939,0.701895
3795,3795013,14211,0.715592
3796,3796010,14227,0.716397
3797,3797014,14563,0.733317
3798,3798010,14547,0.732511
3799,3799014,14355,0.722843
3800,3800011,14099,0.709952
3801,3801015,13859,0.697867
3802,3802012,13731,0.691421
3803,3803008,13763,0.693033
3804,3804012,13939,0.701895
3805,3805008,14195,0.714786
3806,3806012,14451,0.727677
3807,3807009,14579,0.734122
3808,3808013,14547,0.732511
3809,3809044,14147,0.712369
3810,3810016,14099,0.709952
3811,3811013,13859,0.697867
3812,3812011,13747,0.692227
3813,3813015,13779,0.693838
3814,3814011,13955,0.702701
3815,3815015,14211,0.715592
3816,3816011,14451,0.727677
3817,3817011,14579,0.734122
3818,3818008,14547,0.732511
3819,3819012,14355,0.722843
3820,3820009,14099,0.709952
3821,3821013,13859,0.697867
3822,3822009,13731,0.691421
3823,3823013,13763,0.693033
3824,3824009,13939,0.701895
3825,3825014,14211,0.715592
3826,3826013,14451,0.727677
3827,3827009,14579,0.734122
3828,3828013,14531,0.731705
3829,3829010,14355,0.722843
3830,3830013,14083,0.709146
3831,3831010,13843,0.697061
3832,3832014,13731,0.691421
3833,3833012,13747,0.692227
3834,3834009,13939,0.701895
3835,3835013,14195,0.714786
3836,3836009,14435,0.726871
3837,3837013,14579,0.734122
3838,3838010,14531,0.731705
3839,3839013,14355,0.722843
3840,3840010,14083,0.709146
3841,3841015,13843,0.697061
3842,3842012,13715,0.690616
3843,3843008,13747,0.692227
3844,3844012,13923,0.701090
3845,3845009,14195,0.714786
3846,3846013,14451,0.727677
3847,3847009,14563,0.733317
3848,3848013,14547,0.732511
3849,3849011,14355,0.722843
3850,3850015,14083,0.709146
3851,3851012,13843,0.697061
3852,3852008,13715,0.690616
3853,3853012,13763,0.693033
3854,3854008,13923,0.701090
3855,3855012,14195,0.714786
3856,3856009,14435,0.726871
3857,3857015,14563,0.733317
3858,3858014,14531,0.731705
3859,3859010,14371,0.723648
3860,3860014,14083,0.709146
3861,3861011,13827,0.696255
3862,3862014,13731,0.691421
3863,3863011,13763,0.693033
3864,3864015,13939,0.701895
3865,3865014,14195,0.714786
3866,3866012,14451,0.727677
3867,3867008,14563,0.733317
3868,3868012,14547,0.732511
3869,3869009,14355,0.722843
3870,3870012,14099,0.709952
3871,3871009,13843,0.697061
3872,3872013,13715,0.690616
3873,3873033,13747,0.692227
3874,3874009,13923,0.701090
3875,3875013,14211,0.715592
3876,3876009,14451,0.727677
3877,3877013,14563,0.733317
3878,3878010,14531,0.731705
3879,3879013,14355,0.722843
3880,3880010,14083,0.709146
3881,3881010,13843,0.697061
3882,3882008,13731,0.691421
3883,3883012,13747,0.692227
3884,3884009,13923,0.701090
3885,3885013,14211,0.715592
3886,3886009,14435,0.726871
3887,3887013,14563,0.733317
3888,3888009,14531,0.731705
3889,3889008,14371,0.723648
3890,3890013,14083,0.709146
3891,3891009,13843,0.697061
3892,3892013,13731,0.691421
3893,3893010,13763,0.693033
3894,3894013,13939,0.701895
3895,3895010,14195,0.714786
3896,3896014,14435,0.726871
3897,3897014,14579,0.734122
3898,3898012,14531,0.731705
3899,3899008,14163,0.713175
3900,3900012,14067,0.708341
3901,3901008,13843,0.697061
3902,3902012,13715,0.690616
3903,3903009,13763,0.693033
3904,3904013,13939,0.701895
3905,3905013,14211,0.715592
3906,3906011,14451,0.727677
3907,3907008,14579,0.734122
3908,3908012,14547,0.732511
3909,3909008,14355,0.722843
3910,3910012,14067,0.708341
3911,3911009,13843,0.697061
3912,3912013,13715,0.690616
3913,3913014,13763,0.693033
3914,3914010,13939,0.701895
3915,3915014,14195,0.714786
3916,3916011,14451,0.727677
3917,3917014,14579,0.734122
3918,3918011,14531,0.731705
3919,3919015,14355,0.722843
3920,3920011,14083,0.709146
3921,3921013,13843,0.697061
3922,3922011,13715,0.690616
3923,3923009,13747,0.692227
3924,3924013,13939,0.701895
3925,3925009,14195,0.714786
3926,3926013,14451,0.727677
3927,3927009,14579,0.734122
3928,3928013,14547,0.732511
3929,3929015,14355,0.722843
3930,3930013,14083,0.709146
3931,3931010,13843,0.697061
3932,3932014,13715,0.690616
3933,3933010,13763,0.693033
3934,3934014,13955,0.702701
3935,3935011,14195,0.714786
3936,3936035,14435,0.726871
3937,3937012,14579,0.734122
3938,3938009,14547,0.732511
3939,3939013,14355,0.722843
3940,3940010,14083,0.709146
3941,3941014,13843,0.697061
3942,3942010,13731,0.691421
3943,3943014,13747,0.692227
3944,3944010,13923,0.701090
3945,3945013,14195,0.714786
3946,3946011,14435,0.726871
3947,3947015,14563,0.733317
3948,3948011,14547,0.732511
3949,3949015,14355,0.722843
3950,3950011,14083,0.709146
3951,3951008,13843,0.697061
3952,3952012,13731,0.691421
3953,3953013,13763,0.693033
3954,3954011,13939,0.701895
3955,3955008,14195,0.714786
3956,3956012,14451,0.727677
3957,3957008,14563,0.733317
3958,3958012,14547,0.732511
3959,3959009,14339,0.722037
3960,3960012,14083,0.709146
3961,3961013,13875,0.698672
3962,3962011,13715,0.690616
3963,3963015,13747,0.692227
3964,3964012,13939,0.701895
3965,3965008,14195,0.714786
3966,3966012,14451,0.727677
3967,3967008,14563,0.733317
3968,3968012,14547,0.732511
3969,3969014,14355,0.722843
3970,3970011,14083,0.709146
3971,3971015,13859,0.697867
3972,3972011,13715,0.690616
3973,3973008,13747,0.692227
3974,3974012,13955,0.702701
3975,3975008,14179,0.713980
3976,3976012,14451,0.727677
3977,3977014,14563,0.733317
3978,3978012,14531,0.731705
3979,3979008,14355,0.722843
3980,3980012,14083,0.709146
3981,3981009,13843,0.697061
3982,3982013,13715,0.690616
3983,3983009,13747,0.692227
3984,3984013,13939,0.701895
3985,3985009,14179,0.713980
3986,3986015,14451,0.727677
3987,3987011,14579,0.734122
3988,3988015,14547,0.732511
3989,3989012,14355,0.722843
3990,3990008,14083,0.709146
3991,3991012,13843,0.697061
3992,3992008,13715,0.690616
3993,3993013,13747,0.692227
3994,3994011,13923,0.701090
3995,3995015,14211,0.715592
3996,3996011,14435,0.726871
3997,3997008,14563,0.733317
3998,3998012,14547,0.732511
3999,3999008,14371,0.723648
4000,4000012,14099,0.709952
4001,4001014,13827,0.696255
4002,4002013,13683,0.689004
4003,4003009,13747,0.692227
4004,4004013,13939,0.701895
4005,4005010,14179,0.713980
4006,4006014,14435,0.726871
4007,4007010,14563,0.733317
4008,4008014,14547,0.732511
4009,4009011,14355,0.722843
4010,4010008,14083,0.709146
4011,4011012,13843,0.697061
4012,4012008,13715,0.690616
4013,4013012,13747,0.692227
4014,4014009,13923,0.701090
4015,4015012,14211,0.715592
4016,4016009,14435,0.726871
4017,4017012,14579,0.734122
4018,4018009,14547,0.732511
4019,4019013,14355,0.722843
4020,4020010,14099,0.709952
4021,4021013,13843,0.697061
4022,4022010,13715,0.690616
4023,4023014,13763,0.693033
4024,4024010,13939,0.701895
4025,4025015,14195,0.714786
4026,4026013,14451,0.727677
4027,4027009,14563,0.733317
4028,4028013,14531,0.731705
4029,4029010,14355,0.722843
4030,4030014,14083,0.709146
4031,4031010,13843,0.697061
4032,4032014,13731,0.691421
4033,4033010,13763,0.693033
4034,4034009,13923,0.701090
4035,4035013,14195,0.714786
4036,4036010,14451,0.727677
4037,4037013,14563,0.733317
4038,4038010,14547,0.732511
4039,4039014,14355,0.722843
4040,4040010,14083,0.709146
4041,4041008,13843,0.697061
4042,4042012,13715,0.690616
4043,4043009,13747,0.692227
4044,4044012,13939,0.701895
4045,4045009,14195,0.714786
4046,4046013,14451,0.727677
4047,4047009,14579,0.734122
4048,4048013,14563,0.733317
4049,4049010,14355,0.722843
4050,4050014,14083,0.709146
4051,4051011,13843,0.697061
4052,4052015,13731,0.691421
4053,4053011,13763,0.693033
4054,4054015,13939,0.701895
4055,4055012,14179,0.713980
4056,4056008,14435,0.726871
4057,4057013,14579,0.734122
4058,4058011,14547,0.732511
4059,4059015,14371,0.723648
4060,4060011,14083,0.709146
4061,4061015,13859,0.697867
4062,4062011,13715,0.690616
4063,4063008,13731,0.691421
4064,4064012,13923,0.701090
4065,4065018,14163,0.713175
4066,4066016,14419,0.726065
4067,4067014,14547,0.732511
4068,4068011,14515,0.730900
4069,4069015,14323,0.721231
4070,4070011,14051,0.707535
4071,4071008,13827,0.696255
4072,4072012,13699,0.689810
4073,4073010,13715,0.690616
4074,4074008,13923,0.701090
4075,4075012,14195,0.714786
4076,4076009,14403,0.725260
4077,4077013,14563,0.733317
4078,4078009,14499,0.730094
4079,4079013,14307,0.720426
4080,4080010,14067,0.708341
4081,4081008,13827,0.696255
4082,4082013,13715,0.690616
4083,4083009,13747,0.692227
4084,4084013,13939,0.701895
4085,4085010,14195,0.714786
4086,4086014,14451,0.727677
4087,4087010,14563,0.733317
4088,4088014,14547,0.732511
4089,4089013,14355,0.722843
4090,4090011,14083,0.709146
4091,4091014,13843,0.697061
4092,4092011,13715,0.690616
4093,4093015,13747,0.692227
4094,4094011,13923,0.701090
4095,4095008,14211,0.715592
4096,4096012,14451,0.727677
4097,4097011,14579,0.734122
4098,4098010,14547,0.732511
4099,4099014,14355,0.722843
4100,4100011,14083,0.709146
4101,4101014,13859,0.697867
4102,4102011,13731,0.691421
4103,4103015,13763,0.693033
4104,4104011,13907,0.700284
4105,4105010,14179,0.713980
4106,4106010,14435,0.726871
4107,4107015,14563,0.733317
4108,4108011,14547,0.732511
4109,4109008,14355,0.722843
4110,4110012,14099,0.709952
4111,4111008,13843,0.697061
4112,4112012,13731,0.691421
4113,4113012,13763,0.693033
4114,4114009,13939,0.701895
4115,4115013,14211,0.715592
4116,4116009,14451,0.727677
4117,4117013,14579,0.734122
4118,4118010,14531,0.731705
4119,4119014,14355,0.722843
4120,4120010,14083,0.709146
4121,4121009,13843,0.697061
4122,4122014,13715,0.690616
4123,4123010,13747,0.692227
4124,4124014,13939,0.701895
4125,4125011,14195,0.714786
4126,4126014,14451,0.727677
4127,4127011,14563,0.733317
4128,4128015,14531,0.731705
4129,4129010,14355,0.722843
4130,4130010,14083,0.709146
4131,4131014,13843,0.697061
4132,4132010,13715,0.690616
4133,4133014,13763,0.693033
4134,4134011,13923,0.701090
4135,4135015,14211,0.715592
4136,4136011,14435,0.726871
4137,4137014,14563,0.733317
4138,4138012,14547,0.732511
4139,4139009,14355,0.722843
4140,4140012,14099,0.709952
4141,4141009,13843,0.697061
4142,4142013,13731,0.691421
4143,4143009,13747,0.692227
4144,4144013,13955,0.702701
4145,4145013,14211,0.715592
4146,4146011,14451,0.727677
4147,4147015,14579,0.734122
4148,4148011,14531,0.731705
4149,4149015,14355,0.722843
4150,4150011,14099,0.709952
4151,4151008,13859,0.697867
4152,4152012,13731,0.691421
4153,4153010,13763,0.693033
4154,4154008,13939,0.701895
4155,4155012,14211,0.715592
4156,4156008,14435,0.726871
4157,4157012,14595,0.734928
4158,4158009,14547,0.732511
4159,4159013,14355,0.722843
4160,4160009,14083,0.709146
4161,4161009,13859,0.697867
4162,4162014,13731,0.691421
4163,4163010,13747,0.692227
4164,4164014,13955,0.702701
4165,4165011,14195,0.714786
4166,4166014,14451,0.727677
4167,4167011,14579,0.734122
4168,4168015,14531,0.731705
4169,4169009,14355,0.722843
4170,4170015,14099,0.709952
4171,4171011,13859,0.697867
4172,4172015,13715,0.690616
4173,4173012,13763,0.693033
4174,4174008,13923,0.701090
4175,4175012,14195,0.714786
4176,4176008,14419,0.726065
4177,4177010,14563,0.733317
4178,4178014,14531,0.731705
4179,4179011,14355,0.722843
4180,4180015,14083,0.709146
4181,4181011,13843,0.697061
4182,4182015,13715,0.690616
4183,4183012,13747,0.692227
4184,4184008,13939,0.701895
4185,4185010,14195,0.714786
4186,4186009,14435,0.726871
4187,4187013,14579,0.734122
4188,4188009,14547,0.732511
4189,4189013,14371,0.723648
4190,4190010,14099,0.709952
4191,4191013,13843,0.697061
4192,4192010,13731,0.691421
4193,4193013,13763,0.693033
4194,4194012,13923,0.701090
4195,4195009,14195,0.714786
4196,4196012,14451,0.727677
4197,4197009,14563,0.733317
4198,4198013,14547,0.732511
4199,4199009,14355,0.722843
4200,4200013,14099,0.709952
4201,4201008,13843,0.697061
4202,4202013,13731,0.691421
4203,4203009,13747,0.692227
4204,4204013,13939,0.701895
4205,4205010,14211,0.715592
4206,4206014,14435,0.726871
4207,4207010,14547,0.732511
4208,4208014,14531,0.731705
4209,4209009,14355,0.722843
4210,4210008,14083,0.709146
4211,4211012,13843,0.697061
4212,4212009,13715,0.690616
4213,4213012,13747,0.692227
4214,4214009,13923,0.701090
4215,4215013,14211,0.715592
4216,4216009,14451,0.727677
4217,4217012,14579,0.734122
4218,4218009,14547,0.732511
4219,4219013,14355,0.722843
4220,4220009,14083,0.709146
4221,4221013,13843,0.697061
4222,4222010,13731,0.691421
4223,4223014,13763,0.693033
4224,4224010,13923,0.701090
4225,4225012,14195,0.714786
4226,4226010,14435,0.726871
4227,4227013,14579,0.734122
4228,4228010,14531,0.731705
4229,4229014,14371,0.723648
4230,4230010,14083,0.709146
4231,4231014,13859,0.697867
4232,4232011,13699,0.689810
4233,4233014,13763,0.693033
4234,4234012,13939,0.701895
4235,4235009,14211,0.715592
4236,4236013,14435,0.726871
4237,4237009,14563,0.733317
4238,4238013,14547,0.732511
4239,4239010,14355,0.722843
4240,4240014,14099,0.709952
4241,4241010,13827,0.696255
4242,4242010,13715,0.690616
4243,4243008,13747,0.692227
4244,4244012,13923,0.701090
4245,4245009,14179,0.713980
4246,4246012,14435,0.726871
4247,4247009,14563,0.733317
4248,4248013,14547,0.732511
4249,4249009,14355,0.722843
4250,4250014,14083,0.709146
4251,4251010,13843,0.697061
4252,4252014,13715,0.690616
4253,4253011,13747,0.692227
4254,4254015,13955,0.702701
4255,4255011,14211,0.715592
4256,4256015,14451,0.727677
4257,4257010,14563,0.733317
4258,4258010,14531,0.731705
4259,4259014,14355,0.722843
4260,4260011,14083,0.709146
4261,4261015,13843,0.697061
4262,4262011,13715,0.690616
4263,4263015,13763,0.693033
4264,4264011,13955,0.702701
4265,4265008,14195,0.714786
4266,4266013,14451,0.727677
4267,4267009,14563,0.733317
4268,4268013,14547,0.732511
4269,4269009,14355,0.722843
4270,4270013,14099,0.709952
4271,4271010,13843,0.697061
4272,4272014,13715,0.690616
4273,4273011,13763,0.693033
4274,4274010,13923,0.701090
4275,4275014,14211,0.715592
4276,4276010,14451,0.727677
4277,4277014,14563,0.733317
4278,4278010,14547,0.732511
4279,4279014,14355,0.722843
4280,4280011,14083,0.709146
4281,4281008,13843,0.697061
4282,4282013,13715,0.690616
4283,4283010,13763,0.693033
4284,4284013,13955,0.702701
4285,4285010,14195,0.714786
4286,4286014,14451,0.727677
4287,4287010,14563,0.733317
4288,4288014,14547,0.732511
4289,4289012,14355,0.722843
4290,4290009,14083,0.709146
4291,4291013,13859,0.697867
4292,4292010,13715,0.690616
4293,4293014,13763,0.693033
4294,4294010,13939,0.701895
4295,4295014,14211,0.715592
4296,4296010,14451,0.727677
4297,4297008,14563,0.733317
4298,4298014,14547,0.732511
4299,4299011,14355,0.722843
4300,4300015,14099,0.709952
4301,4301011,13843,0.697061
4302,4302015,13731,0.691421
4303,4303011,13747,0.692227
4304,4304008,13939,0.701895
4305,4305014,14195,0.714786
4306,4306012,14435,0.726871
4307,4307008,14579,0.734122
4308,4308012,14371,0.723648
4309,4309009,14355,0.722843
4310,4310012,14099,0.709952
4311,4311009,13843,0.697061
4312,4312013,13731,0.691421
4313,4313012,13763,0.693033
4314,4314010,13923,0.701090
4315,4315014,14211,0.715592
4316,4316011,14451,0.727677
4317,4317014,14579,0.734122
4318,4318011,14547,0.732511
4319,4319015,14355,0.722843
4320,4320011,14099,0.709952
4321,4321018,13827,0.696255
4322,4322015,13715,0.690616
4323,4323014,13763,0.693033
4324,4324011,13939,0.701895
4325,4325015,14211,0.715592
4326,4326011,14451,0.727677
4327,4327015,14579,0.734122
4328,4328011,14547,0.732511
4329,4329012,14355,0.722843
4330,4330008,14083,0.709146
4331,4331012,13843,0.697061
4332,4332009,13715,0.690616
4333,4333013,13763,0.693033
4334,4334009,13939,0.701895
4335,4335013,14211,0.715592
4336,4336009,14451,0.727677
4337,4337010,14579,0.734122
4338,4338008,14531,0.731705
4339,4339012,14355,0.722843
4340,4340009,14083,0.709146
4341,4341013,13843,0.697061
4342,4342009,13715,0.690616
4343,4343013,13763,0.693033
4344,4344009,13923,0.701090
4345,4345010,14195,0.714786
4346,4346014,14451,0.727677
4347,4347011,14579,0.734122
4348,4348015,14547,0.732511
4349,4349011,14339,0.722037
4350,4350008,14099,0.709952
4351,4351012,13859,0.697867
4352,4352008,13715,0.690616
4353,4353015,13763,0.693033
4354,4354012,13939,0.701895
4355,4355008,14195,0.714786
4356,4356012,14451,0.727677
4357,4357009,14563,0.733317
4358,4358013,14531,0.731705
4359,4359009,14355,0.722843
4360,4360013,14083,0.709146
4361,4361013,13859,0.697867
4362,4362010,13715,0.690616
4363,4363014,13763,0.693033
4364,4364010,13923,0.701090
4365,4365014,14211,0.715592
4366,4366010,14435,0.726871
4367,4367014,14563,0.733317
4368,4368011,14547,0.732511
4369,4369011,14355,0.722843
4370,4370009,14083,0.709146
4371,4371013,13859,0.697867
4372,4372010,13715,0.690616
4373,4373014,13763,0.693033
4374,4374010,13955,0.702701
4375,4375014,14211,0.715592
4376,4376010,14451,0.727677
4377,4377011,14579,0.734122
4378,4378008,14547,0.732511
4379,4379012,14371,0.723648
4380,4380008,14083,0.709146
4381,4381012,13843,0.697061
4382,4382008,13715,0.690616
4383,4383012,13763,0.693033
4384,4384009,13923,0.701090
4385,4385014,14195,0.714786
4386,4386015,14435,0.726871
4387,4387012,14579,0.734122
4388,4388008,14547,0.732511
4389,4389012,14371,0.723648
4390,4390009,14083,0.709146
4391,4391013,13859,0.697867
4392,4392009,13715,0.690616
4393,4393011,13763,0.693033
4394,4394015,13939,0.701895
4395,4395012,14195,0.714786
4396,4396008,14435,0.726871
4397,4397012,14579,0.734122
4398,4398008,14547,0.732511
4399,4399012,14371,0.723648
4400,4400009,14083,0.709146
4401,4401010,13859,0.697867
4402,4402014,13715,0.690616
4403,4403011,13747,0.692227
4404,4404015,13939,0.701895
4405,4405011,14211,0.715592
4406,4406008,14451,0.727677
4407,4407012,14579,0.734122
4408,4408008,14547,0.732511
4409,4409010,14371,0.723648
4410,4410015,14083,0.709146
4411,4411012,13827,0.696255
4412,4412008,13699,0.689810
4413,4413012,13763,0.693033
4414,4414009,13939,0.701895
4415,4415012,14179,0.713980
4416,4416009,14435,0.726871
4417,4417012,14563,0.733317
4418,4418010,14547,0.732511
4419,4419014,14371,0.723648
4420,4420011,14083,0.709146
4421,4421014,13843,0.697061
4422,4422011,13731,0.691421
4423,4423015,13747,0.692227
4424,4424011,13955,0.702701
4425,4425014,14211,0.715592
4426,4426011,14467,0.728482
4427,4427015,14579,0.734122
4428,4428012,14531,0.731705
4429,4429008,14355,0.722843
4430,4430012,14099,0.709952
4431,4431009,13843,0.697061
4432,4432012,13731,0.691421
4433,4433015,13763,0.693033
4434,4434013,13939,0.701895
4435,4435009,14195,0.714786
4436,4436013,14451,0.727677
4437,4437010,14579,0.734122
4438,4438014,14547,0.732511
4439,4439010,14355,0.722843
4440,4440014,14099,0.709952
4441,4441010,13843,0.697061
4442,4442014,13731,0.691421
4443,4443010,13763,0.693033
4444,4444014,13955,0.702701
4445,4445011,14195,0.714786
4446,4446014,14451,0.727677
4447,4447011,14563,0.733317
4448,4448015,14531,0.731705
4449,4449016,14371,0.723648
4450,4450009,14083,0.709146
4451,4451012,13843,0.697061
4452,4452009,13715,0.690616
4453,4453013,13763,0.693033
4454,4454009,13939,0.701895
4455,4455013,14211,0.715592
4456,4456010,14451,0.727677
4457,4457014,14579,0.734122
4458,4458012,14547,0.732511
4459,4459008,14355,0.722843
4460,4460012,14083,0.709146
4461,4461009,13843,0.697061
4462,4462013,13731,0.691421
4463,4463009,13763,0.693033
4464,4464013,13955,0.702701
4465,4465009,14195,0.714786
4466,4466015,14451,0.727677
4467,4467012,14579,0.734122
4468,4468008,14547,0.732511
4469,4469012,14371,0.723648
4470,4470008,14083,0.709146
4471,4471012,13859,0.697867
4472,4472009,13731,0.691421
4473,4473014,13747,0.692227
4474,4474012,13955,0.702701
4475,4475009,14195,0.714786
4476,4476013,14451,0.727677
4477,4477009,14579,0.734122
4478,4478013,14547,0.732511
4479,4479009,14355,0.722843
4480,4480013,14083,0.709146
4481,4481009,13843,0.697061
4482,4482015,13715,0.690616
4483,4483011,13747,0.692227
4484,4484015,13939,0.701895
4485,4485012,14195,0.714786
4486,4486008,14435,0.726871
4487,4487012,14595,0.734928
4488,4488008,14547,0.732511
4489,4489012,14355,0.722843
4490,4490009,14083,0.709146
4491,4491012,13859,0.697867
4492,4492009,13715,0.690616
4493,4493013,13763,0.693033
4494,4494009,13923,0.701090
4495,4495013,14227,0.716397
4496,4496010,14451,0.727677
4497,4497014,14579,0.734122
4498,4498013,14547,0.732511
4499,4499009,14371,0.723648
4500,4500013,14099,0.709952
4501,4501010,13859,0.697867
4502,4502014,13731,0.691421
4503,4503010,13747,0.692227
4504,4504014,13955,0.702701
4505,4505011,14195,0.714786
4506,4506011,14451,0.727677
4507,4507015,14579,0.734122
4508,4508012,14531,0.731705
4509,4509008,14355,0.722843
4510,4510012,14099,0.709952
4511,4511008,13843,0.697061
4512,4512012,13731,0.691421
4513,4513014,13747,0.692227
4514,4514008,13923,0.701090
4515,4515014,14195,0.714786
4516,4516011,14451,0.727677
4517,4517014,14579,0.734122
4518,4518011,14547,0.732511
4519,4519015,14355,0.722843
4520,4520011,14083,0.709146
4521,4521011,13843,0.697061
4522,4522015,13731,0.691421
4523,4523012,13763,0.693033
4524,4524008,13939,0.701895
4525,4525012,14211,0.715592
4526,4526008,14435,0.726871
4527,4527012,14579,0.734122
4528,4528009,14531,0.731705
4529,4529015,14355,0.722843
4530,4530011,14083,0.709146
4531,4531008,13843,0.697061
4532,4532012,13731,0.691421
4533,4533008,13747,0.692227
4534,4534012,13971,0.703507
4535,4535009,14195,0.714786
4536,4536012,14467,0.728482
4537,4537012,14579,0.734122
4538,4538008,14547,0.732511
4539,4539012,14371,0.723648
4540,4540008,14083,0.709146
4541,4541012,13859,0.697867
4542,4542009,13715,0.690616
4543,4543013,13763,0.693033
4544,4544009,13939,0.701895
4545,4545015,14211,0.715592
4546,4546013,14451,0.727677
4547,4547009,14563,0.733317
4548,4548013,14547,0.732511
4549,4549010,14355,0.722843
4550,4550013,14099,0.709952
4551,4551010,13859,0.697867
4552,4552014,13731,0.691421
4553,4553013,13747,0.692227
4554,4554012,13955,0.702701
4555,4555009,14211,0.715592
4556,4556012,14451,0.727677
4557,4557009,14579,0.734122
4558,4558013,14547,0.732511
4559,4559009,14355,0.722843
4560,4560013,14099,0.709952
4561,4561012,13843,0.697061
4562,4562008,13715,0.690616
4563,4563012,13763,0.693033
4564,4564009,13955,0.702701
4565,4565013,14195,0.714786
4566,4566009,14435,0.726871
4567,4567013,14579,0.734122
4568,4568009,14531,0.731705
4569,4569009,14371,0.723648
4570,4570014,14099,0.709952
4571,4571011,13843,0.697061
4572,4572014,13715,0.690616
4573,4573011,13763,0.693033
4574,4574015,13939,0.701895
4575,4575011,14211,0.715592
4576,4576015,14451,0.727677
4577,4577019,14435,0.726871
4578,4578016,14547,0.732511
4579,4579013,14355,0.722843
4580,4580010,14099,0.709952
4581,4581014,13859,0.697867
4582,4582010,13731,0.691421
4583,4583014,13763,0.693033
4584,4584011,13939,0.701895
4585,4585012,14195,0.714786
4586,4586010,14467,0.728482
4587,4587014,14579,0.734122
4588,4588011,14547,0.732511
4589,4589014,14371,0.723648
4590,4590011,14083,0.709146
4591,4591015,13843,0.697061
4592,4592011,13715,0.690616
4593,4593012,13763,0.693033
4594,4594009,13939,0.701895
4595,4595013,14195,0.714786
4596,4596010,14435,0.726871
4597,4597014,14579,0.734122
4598,4598010,14531,0.731705
4599,4599014,14355,0.722843
4600,4600011,14083,0.709146
4601,4601012,13843,0.697061
4602,4602009,13715,0.690616
4603,4603013,13763,0.693033
4604,4604009,13939,0.701895
4605,4605013,14211,0.715592
4606,4606010,14451,0.727677
4607,4607013,14579,0.734122
4608,4608010,14531,0.731705
4609,4609012,14355,0.722843
4610,4610012,14099,0.709952
4611,4611009,13843,0.697061
4612,4612013,13731,0.691421
4613,4613009,13763,0.693033
4614,4614013,13939,0.701895
4615,4615010,14195,0.714786
4616,4616013,14419,0.726065
4617,4617014,14547,0.732511
4618,4618011,14531,0.731705
4619,4619008,14339,0.722037
4620,4620012,14083,0.709146
4621,4621008,13843,0.697061
4622,4622012,13731,0.691421
4623,4623009,13747,0.692227
4624,4624012,13939,0.701895
4625,4625014,14195,0.714786
4626,4626011,14451,0.727677
4627,4627008,14579,0.734122
4628,4628012,14547,0.732511
4629,4629008,14355,0.722843
4630,4630012,14099,0.709952
4631,4631009,13843,0.697061
4632,4632013,13731,0.691421
4633,4633014,13763,0.693033
4634,4634013,13923,0.701090
4635,4635010,14195,0.714786
4636,4636014,14451,0.727677
4637,4637011,14595,0.734928
4638,4638015,14547,0.732511
4639,4639011,14371,0.723648
4640,4640015,14083,0.709146
4641,4641015,13843,0.697061
4642,4642015,13715,0.690616
4643,4643012,13747,0.692227
4644,4644008,13955,0.702701
4645,4645012,14211,0.715592
4646,4646009,14451,0.727677
4647,4647012,14579,0.734122
4648,4648009,14531,0.731705
4649,4649013,14371,0.723648
4650,4650010,14083,0.709146
4651,4651014,13859,0.697867
4652,4652011,13731,0.691421
4653,4653014,13763,0.693033
4654,4654011,13939,0.701895
4655,4655015,14211,0.715592
4656,4656011,14451,0.727677
4657,4657014,14563,0.733317
4658,4658011,14547,0.732511
4659,4659014,14371,0.723648
4660,4660011,14083,0.709146
4661,4661015,13843,0.697061
4662,4662011,13715,0.690616
4663,4663015,13763,0.693033
4664,4664012,13939,0.701895
4665,4665014,14211,0.715592
4666,4666014,14467,0.728482
4667,4667011,14563,0.733317
4668,4668015,14547,0.732511
4669,4669011,14355,0.722843
4670,4670015,14083,0.709146
4671,4671011,13843,0.697061
4672,4672008,13715,0.690616
4673,4673011,13763,0.693033
4674,4674011,13955,0.702701
4675,4675008,14211,0.715592
4676,4676012,14435,0.726871
4677,4677008,14579,0.734122
4678,4678012,14563,0.733317
4679,4679009,14355,0.722843
4680,4680012,14083,0.709146
4681,4681015,13843,0.697061
4682,4682012,13731,0.691421
4683,4683009,13763,0.693033
4684,4684012,13955,0.702701
4685,4685009,14195,0.714786
4686,4686013,14451,0.727677
4687,4687009,14563,0.733317
4688,4688013,14531,0.731705
4689,4689009,14355,0.722843
4690,4690014,14083,0.709146
4691,4691010,13843,0.697061
4692,4692014,13715,0.690616
4693,4693011,13763,0.693033
4694,4694015,13939,0.701895
4695,4695011,14195,0.714786
4696,4696015,14451,0.727677
4697,4697012,14579,0.734122
4698,4698009,14531,0.731705
4699,4699013,14371,0.723648
4700,4700009,14099,0.709952
4701,4701013,13859,0.697867
4702,4702009,13715,0.690616
4703,4703013,13747,0.692227
4704,4704010,13939,0.701895
4705,4705014,14211,0.715592
4706,4706013,14451,0.727677
4707,4707010,14579,0.734122
4708,4708014,14547,0.732511
4709,4709010,14355,0.722843
4710,4710014,14099,0.709952
4711,4711011,13859,0.697867
4712,4712015,13715,0.690616
4713,4713014,13747,0.692227
4714,4714011,13923,0.701090
4715,4715014,14211,0.715592
4716,4716011,14451,0.727677
4717,4717015,14579,0.734122
4718,4718011,14531,0.731705
4719,4719015,14339,0.722037
4720,4720012,14083,0.709146
4721,4721009,13843,0.697061
4722,4722013,13715,0.690616
4723,4723010,13747,0.692227
4724,4724014,13939,0.701895
4725,4725010,14211,0.715592
4726,4726014,14467,0.728482
4727,4727011,14579,0.734122
4728,4728015,14547,0.732511
4729,4729012,14355,0.722843
4730,4730010,14083,0.709146
4731,4731014,13843,0.697061
4732,4732011,13715,0.690616
4733,4733015,13763,0.693033
4734,4734011,13939,0.701895
4735,4735015,14195,0.714786
4736,4736012,14435,0.726871
4737,4737009,14579,0.734122
4738,4738013,14547,0.732511
4739,4739010,14355,0.722843
4740,4740014,14083,0.709146
4741,4741010,13843,0.697061
4742,4742014,13715,0.690616
4743,4743011,13747,0.692227
4744,4744014,13923,0.701090
4745,4745011,14195,0.714786
4746,4746008,14451,0.727677
4747,4747012,14579,0.734122
4748,4748009,14547,0.732511
4749,4749012,14355,0.722843
4750,4750009,14099,0.709952
4751,4751013,13859,0.697867
4752,4752009,13731,0.691421
4753,4753015,13763,0.693033
4754,4754013,13955,0.702701
4755,4755010,14195,0.714786
4756,4756013,14467,0.728482
4757,4757010,14563,0.733317
4758,4758014,14547,0.732511
4759,4759010,14355,0.722843
4760,4760014,14083,0.709146
4761,4761012,13843,0.697061
4762,4762010,13715,0.690616
4763,4763014,13763,0.693033
4764,4764010,13939,0.701895
4765,4765014,14211,0.715592
4766,4766011,14435,0.726871
4767,4767014,14579,0.734122
4768,4768011,14547,0.732511
4769,4769013,14355,0.722843
4770,4770011,14099,0.709952
4771,4771015,13843,0.697061
4772,4772011,13715,0.690616
4773,4773015,13763,0.693033
4774,4774011,13923,0.701090
4775,4775008,14179,0.713980
4776,4776012,14451,0.727677
4777,4777011,14579,0.734122
4778,4778008,14547,0.732511
4779,4779012,14355,0.722843
4780,4780008,14083,0.709146
4781,4781012,13859,0.697867
4782,4782009,13715,0.690616
4783,4783013,13763,0.693033
4784,4784009,13939,0.701895
4785,4785009,14195,0.714786
4786,4786014,14435,0.726871
4787,4787011,14563,0.733317
4788,4788015,14531,0.731705
4789,4789011,14371,0.723648
4790,4790015,14083,0.709146
4791,4791012,13859,0.697867
4792,4792008,13731,0.691421
4793,4793015,13763,0.693033
4794,4794012,13923,0.701090
4795,4795008,14211,0.715592
4796,4796012,14467,0.728482
4797,4797009,14563,0.733317
4798,4798012,14547,0.732511
4799,4799009,14371,0.723648
4800,4800013,14099,0.709952
4801,4801012,13843,0.697061
4802,4802011,13715,0.690616
4803,4803015,13747,0.692227
4804,4804011,13939,0.701895
4805,4805008,14195,0.714786
4806,4806012,14451,0.727677
4807,4807008,14563,0.733317
4808,4808012,14547,0.732511
4809,4809012,14371,0.723648
4810,4810009,14083,0.709146
4811,4811013,13859,0.697867
4812,4812010,13731,0.691421
4813,4813013,13763,0.693033
4814,4814010,13939,0.701895
4815,4815014,14211,0.715592
4816,4816010,14435,0.726871
4817,4817011,14563,0.733317
4818,4818015,14547,0.732511
4819,4819011,14371,0.723648
4820,4820008,14099,0.709952
4821,4821012,13827,0.696255
4822,4822008,13699,0.689810
4823,4823012,13763,0.693033
4824,4824009,13923,0.701090
4825,4825009,14211,0.715592
4826,4826013,14451,0.727677
4827,4827010,14563,0.733317
4828,4828014,14531,0.731705
4829,4829010,14355,0.722843
4830,4830014,14083,0.709146
4831,4831010,13843,0.697061
4832,4832014,13715,0.690616
4833,4833310,13747,0.692227
4834,4834015,13939,0.701895
4835,4835014,14211,0.715592
4836,4836011,14451,0.727677
4837,4837015,14563,0.733317
4838,4838011,14531,0.731705
4839,4839015,14371,0.723648
4840,4840012,14099,0.709952
4841,4841011,13859,0.697867
4842,4842010,13731,0.691421
4843,4843014,13763,0.693033
4844,4844010,13955,0.702701
4845,4845014,14195,0.714786
4846,4846011,14435,0.726871
4847,4847015,14579,0.734122
4848,4848011,14547,0.732511
4849,4849012,14355,0.722843
4850,4850011,14083,0.709146
4851,4851015,13843,0.697061
4852,4852012,13731,0.691421
4853,4853008,13747,0.692227
4854,4854012,13939,0.701895
4855,4855008,14179,0.713980
4856,4856012,14451,0.727677
4857,4857014,14579,0.734122
4858,4858012,14547,0.732511
4859,4859009,14355,0.722843
4860,4860012,14099,0.709952
4861,4861009,13843,0.697061
4862,4862013,13731,0.691421
4863,4863009,13747,0.692227
4864,4864013,13923,0.701090
4865,4865008,14195,0.714786
4866,4866014,14435,0.726871
4867,4867012,14563,0.733317
4868,4868008,14547,0.732511
4869,4869012,14355,0.722843
4870,4870009,14099,0.709952
4871,4871013,13859,0.697867
4872,4872009,13731,0.691421
4873,4873011,13747,0.692227
4874,4874010,13939,0.701895
4875,4875013,14211,0.715592
4876,4876010,14451,0.727677
4877,4877014,14579,0.734122
4878,4878010,14547,0.732511
4879,4879014,14371,0.723648
4880,4880011,14083,0.709146
4881,4881013,13859,0.697867
4882,4882010,13715,0.690616
4883,4883014,13747,0.692227
4884,4884010,13939,0.701895
4885,4885014,14211,0.715592
4886,4886011,14435,0.726871
4887,4887015,14579,0.734122
4888,4888011,14547,0.732511
4889,4889014,14339,0.722037
4890,4890012,14099,0.709952
4891,4891009,13843,0.697061
4892,4892013,13731,0.691421
4893,4893009,13747,0.692227
4894,4894013,13939,0.701895
4895,4895010,14195,0.714786
4896,4896014,14451,0.727677
4897,4897014,14563,0.733317
4898,4898013,14531,0.731705
4899,4899010,14371,0.723648
4900,4900014,14099,0.709952
4901,4901010,13843,0.697061
4902,4902014,13715,0.690616
4903,4903011,13747,0.692227
4904,4904015,13939,0.701895
4905,4905010,14179,0.713980
4906,4906008,14435,0.726871
4907,4907012,14579,0.734122
4908,4908008,14547,0.732511
4909,4909012,14355,0.722843
4910,4910008,14083,0.709146
4911,4911012,13843,0.697061
4912,4912009,13731,0.691421
4913,4913012,13747,0.692227
4914,4914009,13955,0.702701
4915,4915013,14195,0.714786
4916,4916010,14435,0.726871
4917,4917014,14563,0.733317
4918,4918010,14547,0.732511
4919,4919014,14355,0.722843
4920,4920010,14083,0.709146
4921,4921014,13859,0.697867
4922,4922012,13715,0.690616
4923,4923008,13747,0.692227
4924,4924012,13907,0.700284
4925,4925008,14179,0.713980
4926,4926012,14451,0.727677
4927,4927009,14579,0.734122
4928,4928013,14563,0.733317
4929,4929009,14371,0.723648
4930,4930014,14083,0.709146
4931,4931011,13843,0.697061
4932,4932015,13715,0.690616
4933,4933011,13747,0.692227
4934,4934015,13923,0.701090
4935,4935012,14211,0.715592
4936,4936008,14435,0.726871
4937,4937012,14579,0.734122
4938,4938009,14547,0.732511
4939,4939013,14355,0.722843
4940,4940009,14083,0.709146
4941,4941013,13843,0.697061
4942,4942010,13715,0.690616
4943,4943014,13747,0.692227
4944,4944010,13939,0.701895
4945,4945015,14195,0.714786
4946,4946013,14451,0.727677
4947,4947009,14563,0.733317
4948,4948013,14547,0.732511
4949,4949010,14355,0.722843
4950,4950013,14083,0.709146
4951,4951010,13859,0.697867
4952,4952014,13731,0.691421
4953,4953011,13763,0.693033
4954,4954015,13923,0.701090
4955,4955011,14179,0.713980
4956,4956008,14435,0.726871
4957,4957012,14595,0.734928
4958,4958008,14547,0.732511
4959,4959012,14371,0.723648
4960,4960009,14083,0.709146
4961,4961013,13843,0.697061
4962,4962013,13715,0.690616
4963,4963010,13747,0.692227
4964,4964014,13939,0.701895
4965,4965010,14195,0.714786
4966,4966014,14451,0.727677
4967,4967011,14563,0.733317
4968,4968015,14547,0.732511
4969,4969014,14355,0.722843
4970,4970011,14083,0.709146
4971,4971015,13859,0.697867
4972,4972012,13731,0.691421
4973,4973008,13747,0.692227
4974,4974012,13955,0.702701
4975,4975008,14211,0.715592
4976,4976012,14467,0.728482
4977,4977012,14579,0.734122
4978,4978010,14531,0.731705
4979,4979014,14355,0.722843
4980,4980011,14099,0.709952
4981,4981015,13843,0.697061
4982,4982011,13715,0.690616
4983,4983015,13763,0.693033
4984,4984011,13923,0.701090
4985,4985009,14211,0.715592
4986,4986014,14451,0.727677
4987,4987010,14563,0.733317
4988,4988014,14531,0.731705
4989,4989011,14355,0.722843
4990,4990014,14099,0.709952
4991,4991011,13843,0.697061
4992,4992015,13731,0.691421
4993,4993013,13779,0.693838
4994,4994010,13939,0.701895
4995,4995014,14211,0.715592
4996,4996011,14435,0.726871
4997,4997015,14579,0.734122
4998,4998011,14531,0.731705
4999,4999015,14355,0.722843
5000,5000012,14083,0.709146
5001,5001011,13859,0.697867
5002,5002010,13715,0.690616
5003,5003014,13763,0.693033
5004,5004010,13923,0.701090
5005,5005014,14211,0.715592
5006,5006011,14451,0.727677
5007,5007014,14579,0.734122
5008,5008011,14547,0.732511
5009,5009010,14355,0.722843
5010,5010008,14083,0.709146
5011,5011012,13843,0.697061
5012,5012009,13715,0.690616
5013,5013013,13747,0.692227
5014,5014009,13955,0.702701
5015,5015013,14211,0.715592
5016,5016010,14435,0.726871
5017,5017009,14579,0.734122
5018,5018014,14531,0.731705
5019,5019011,14355,0.722843
5020,5020015,14083,0.709146
5021,5021011,13827,0.696255
5022,5022015,13715,0.690616
5023,5023012,13747,0.692227
5024,5024008,13923,0.701090
5025,5025011,14179,0.713980
5026,5026010,14403,0.725260
5027,5027014,14563,0.733317
5028,5028011,14531,0.731705
5029,5029014,14355,0.722843
5030,5030011,14083,0.709146
5031,5031015,13843,0.697061
5032,5032011,13715,0.690616
5033,5033012,13763,0.693033
5034,5034009,13939,0.701895
5035,5035013,14195,0.714786
5036,5036010,14435,0.726871
5037,5037013,14579,0.734122
5038,5038010,14531,0.731705
5039,5039014,14355,0.722843
5040,5040010,14083,0.709146
5041,5041010,13859,0.697867
5042,5042015,13731,0.691421
5043,5043012,13763,0.693033
5044,5044008,13955,0.702701
5045,5045012,14195,0.714786
5046,5046008,14451,0.727677
5047,5047012,14563,0.733317
5048,5048009,14531,0.731705
5049,5049009,14355,0.722843
5050,5050014,14083,0.709146
5051,5051010,13843,0.697061
5052,5052014,13731,0.691421
5053,5053011,13763,0.693033
5054,5054014,13939,0.701895
5055,5055011,14195,0.714786
5056,5056015,14451,0.727677
5057,5057014,14563,0.733317
5058,5058013,14515,0.730900
5059,5059009,14355,0.722843
5060,5060013,14067,0.708341
5061,5061009,13843,0.697061
5062,5062013,13715,0.690616
5063,5063010,13763,0.693033
5064,5064014,13955,0.702701
5065,5065014,14195,0.714786
5066,5066011,14451,0.727677
5067,5067015,14579,0.734122
5068,5068011,14547,0.732511
5069,5069015,14355,0.722843
5070,5070011,14083,0.709146
5071,5071008,13843,0.697061
5072,5072012,13731,0.691421
5073,5073013,13763,0.693033
5074,5074011,13939,0.701895
5075,5075015,14211,0.715592
5076,5076012,14451,0.727677
5077,5077008,14563,0.733317
5078,5078012,14547,0.732511
5079,5079008,14371,0.723648
5080,5080012,14083,0.709146
5081,5081014,13843,0.697061
5082,5082012,13747,0.692227
5083,5083009,13747,0.692227
5084,5084012,13939,0.701895
5085,5085009,14195,0.714786
5086,5086013,14467,0.728482
5087,5087009,14563,0.733317
5088,5088013,14531,0.731705
5089,5089022,14355,0.722843
5090,5090015,14083,0.709146
5091,5091012,13843,0.697061
5092,5092009,13715,0.690616
5093,5093012,13763,0.693033
5094,5094009,13939,0.701895
5095,5095013,14211,0.715592
5096,5096009,14467,0.728482
5097,5097013,14579,0.734122
5098,5098011,14547,0.732511
5099,5099015,14355,0.722843
5100,5100012,14083,0.709146
5101,5101008,13827,0.696255
5102,5102012,13731,0.691421
5103,5103008,13747,0.692227
5104,5104012,13939,0.701895
5105,5105014,14195,0.714786
5106,5106010,14451,0.727677
5107,5107014,14579,0.734122
5108,5108011,14531,0.731705
5109,5109015,14355,0.722843
5110,5110011,14083,0.709146
5111,5111015,13827,0.696255
5112,5112012,13715,0.690616
5113,5113014,13747,0.692227
5114,5114012,13955,0.702701
5115,5115008,14195,0.714786
5116,5116012,14451,0.727677
5117,5117009,14579,0.734122
5118,5118012,14563,0.733317
5119,5119009,14355,0.722843
5120,5120013,14099,0.709952
5121,5121008,13859,0.697867
5122,5122015,13715,0.690616
5123,5123013,13747,0.692227
5124,5124009,13923,0.701090
5125,5125013,14211,0.715592
5126,5126010,14435,0.726871
5127,5127014,14563,0.733317
5128,5128010,14515,0.730900
5129,5129014,14323,0.721231
5130,5130013,14067,0.708341
5131,5131010,13843,0.697061
5132,5132014,13715,0.690616
5133,5133010,13763,0.693033
5134,5134014,13923,0.701090
5135,5135010,14195,0.714786
5136,5136014,14451,0.727677
5137,5137009,14579,0.734122
5138,5138014,14531,0.731705
5139,5139011,14355,0.722843
5140,5140014,14083,0.709146
5141,5141011,13843,0.697061
5142,5142015,13715,0.690616
5143,5143011,13763,0.693033
5144,5144015,13939,0.701895
5145,5145011,14211,0.715592
5146,5146008,14451,0.727677
5147,5147012,14579,0.734122
5148,5148009,14531,0.731705
5149,5149012,14355,0.722843
5150,5150009,14099,0.709952
5151,5151013,13843,0.697061
5152,5152009,13715,0.690616
5153,5153010,13747,0.692227
5154,5154012,13939,0.701895
5155,5155008,14179,0.713980
5156,5156012,14435,0.726871
5157,5157009,14563,0.733317
5158,5158013,14547,0.732511
5159,5159009,14355,0.722843
5160,5160013,14083,0.709146
5161,5161012,13843,0.697061
5162,5162010,13715,0.690616
5163,5163015,13747,0.692227
5164,5164011,13939,0.701895
5165,5165015,14211,0.715592
5166,5166011,14435,0.726871
5167,5167008,14563,0.733317
5168,5168012,14547,0.732511
5169,5169008,14323,0.721231
5170,5170014,14051,0.707535
5171,5171010,13827,0.696255
5172,5172014,13699,0.689810
5173,5173011,13747,0.692227
5174,5174014,13923,0.701090
5175,5175011,14163,0.713175
5176,5176015,14419,0.726065
5177,5177012,14579,0.734122
5178,5178010,14515,0.730900
5179,5179014,14355,0.722843
5180,5180010,14067,0.708341
5181,5181014,13827,0.696255
5182,5182011,13699,0.689810
5183,5183014,13747,0.692227
5184,5184011,13923,0.701090
5185,5185015,14195,0.714786
5186,5186014,14419,0.726065
5187,5187011,14563,0.733317
5188,5188015,14515,0.730900
5189,5189011,14339,0.722037
5190,5190015,14083,0.709146
5191,5191012,13827,0.696255
5192,5192008,13683,0.689004
5193,5193013,13747,0.692227
5194,5194010,13907,0.700284
5195,5195014,14355,0.722843
5196,5196010,14403,0.725260
5197,5197014,14515,0.730900
5198,5198011,14499,0.730094
5199,5199015,14323,0.721231
5200,5200011,14051,0.707535
5201,5201009,13811,0.695450
5202,5202015,13699,0.689810
5203,5203012,13731,0.691421
5204,5204008,13891,0.699478
5205,5205012,14163,0.713175
5206,5206008,14419,0.726065
5207,5207012,14563,0.733317
5208,5208009,14515,0.730900
5209,5209014,14355,0.722843
5210,5210013,14083,0.709146
5211,5211010,13843,0.697061
5212,5212013,13715,0.690616
5213,5213010,13731,0.691421
5214,5214014,13923,0.701090
5215,5215010,14195,0.714786
5216,5216014,14451,0.727677
5217,5217010,14563,0.733317
5218,5218008,14531,0.731705
5219,5219012,14355,0.722843
5220,5220009,14083,0.709146
5221,5221013,13843,0.697061
5222,5222009,13699,0.689810
5223,5223013,13747,0.692227
5224,5224009,13923,0.701090
5225,5225009,14195,0.714786
5226,5226013,14435,0.726871
5227,5227010,14563,0.733317
5228,5228013,14531,0.731705
5229,5229010,14355,0.722843
5230,5230014,14067,0.708341
5231,5231010,13827,0.696255
5232,5232014,13715,0.690616
5233,5233013,13747,0.692227
5234,5234013,13939,0.701895
5235,5235010,14195,0.714786
5236,5236014,14451,0.727677
5237,5237010,14563,0.733317
5238,5238014,14547,0.732511
5239,5239011,14355,0.722843
5240,5240015,14083,0.709146
5241,5241014,13843,0.697061
5242,5242012,13731,0.691421
5243,5243009,13747,0.692227
5244,5244013,13939,0.701895
5245,5245009,14211,0.715592
5246,5246013,14451,0.727677
5247,5247010,14579,0.734122
5248,5248013,14547,0.732511
5249,5249014,14355,0.722843
5250,5250013,14099,0.709952
5251,5251009,13843,0.697061
5252,5252013,13715,0.690616
5253,5253010,13763,0.693033
5254,5254014,13939,0.701895
5255,5255010,14211,0.715592
5256,5256014,14451,0.727677
5257,5257014,14579,0.734122
5258,5258012,14531,0.731705
5259,5259008,14355,0.722843
5260,5260012,14083,0.709146
5261,5261009,13843,0.697061
5262,5262013,13731,0.691421
5263,5263009,13747,0.692227
5264,5264013,13939,0.701895
5265,5265013,14195,0.714786
5266,5266009,14435,0.726871
5267,5267013,14579,0.734122
5268,5268010,14531,0.731705
5269,5269013,14371,0.723648
5270,5270010,14083,0.709146
5271,5271014,13859,0.697867
5272,5272010,13731,0.691421
5273,5273011,13747,0.692227
5274,5274010,13939,0.701895
5275,5275014,14195,0.714786
5276,5276010,14435,0.726871
5277,5277014,14579,0.734122
5278,5278011,14531,0.731705
5279,5279014,14355,0.722843
5280,5280011,14083,0.709146
5281,5281009,13843,0.697061
5282,5282009,13715,0.690616
5283,5283013,13763,0.693033
5284,5284010,13939,0.701895
5285,5285014,14211,0.715592
5286,5286010,14451,0.727677
5287,5287014,14579,0.734122
5288,5288010,14547,0.732511
5289,5289011,14355,0.722843
5290,5290015,14099,0.709952
5291,5291012,13843,0.697061
5292,5292008,13715,0.690616
5293,5293012,13763,0.693033
5294,5294008,13923,0.701090
5295,5295012,14195,0.714786
5296,5296009,14435,0.726871
5297,5297009,14579,0.734122
5298,5298015,14547,0.732511
5299,5299011,14371,0.723648
5300,5300015,14083,0.709146
5301,5301012,13843,0.697061
5302,5302008,13715,0.690616
5303,5303012,13747,0.692227
5304,5304008,13923,0.701090
5305,5305010,14195,0.714786
5306,5306009,14435,0.726871
5307,5307014,14579,0.734122
5308,5308011,14531,0.731705
5309,5309015,14355,0.722843
5310,5310011,14083,0.709146
5311,5311015,13843,0.697061
5312,5312012,13715,0.690616
5313,5313015,13763,0.693033
5314,5314013,13923,0.701090
5315,5315010,14195,0.714786
5316,5316014,14467,0.728482
5317,5317010,14563,0.733317
5318,5318014,14531,0.731705
5319,5319010,14355,0.722843
5320,5320014,14083,0.709146
5321,5321009,13843,0.697061
5322,5322013,13715,0.690616
5323,5323010,13763,0.693033
5324,5324014,13939,0.701895
5325,5325010,14195,0.714786
5326,5326014,14451,0.727677
5327,5327010,14579,0.734122
5328,5328014,14547,0.732511
5329,5329008,14355,0.722843
5330,5330012,14083,0.709146
5331,5331009,13843,0.697061
5332,5332013,13731,0.691421
5333,5333009,13731,0.691421
5334,5334013,13923,0.701090
5335,5335010,14195,0.714786
5336,5336013,14451,0.727677
5337,5337009,14563,0.733317
5338,5338014,14547,0.732511
5339,5339011,14371,0.723648
5340,5340015,14083,0.709146
5341,5341011,13843,0.697061
5342,5342015,13715,0.690616
5343,5343012,13763,0.693033
5344,5344008,13939,0.701895
5345,5345021,14179,0.713980
5346,5346010,14451,0.727677
5347,5347009,14579,0.734122
5348,5348013,14531,0.731705
5349,5349010,14371,0.723648
5350,5350014,14083,0.709146
5351,5351011,13843,0.697061
5352,5352015,13731,0.691421
5353,5353013,13763,0.693033
5354,5354011,13939,0.701895
5355,5355015,14211,0.715592
5356,5356012,14451,0.727677
5357,5357008,14579,0.734122
5358,5358012,14547,0.732511
5359,5359008,14355,0.722843
5360,5360012,14083,0.709146
5361,5361010,13843,0.697061
5362,5362014,13715,0.690616
5363,5363011,13747,0.692227
5364,5364014,13939,0.701895
5365,5365011,14195,0.714786
5366,5366015,14435,0.726871
5367,5367011,14579,0.734122
5368,5368015,14547,0.732511
5369,5369011,14355,0.722843
5370,5370010,14083,0.709146
5371,5371014,13859,0.697867
5372,5372010,13715,0.690616
5373,5373014,13763,0.693033
5374,5374011,13939,0.701895
5375,5375014,14195,0.714786
5376,5376011,14451,0.727677
5377,5377014,14579,0.734122
5378,5378012,14547,0.732511
5379,5379008,14355,0.722843
5380,5380012,14099,0.709952
5381,5381008,13859,0.697867
5382,5382012,13731,0.691421
5383,5383009,13763,0.693033
5384,5384013,13939,0.701895
5385,5385008,14211,0.715592
5386,5386014,14451,0.727677
5387,5387011,14563,0.733317
5388,5388015,14547,0.732511
5389,5389011,14355,0.722843
5390,5390015,14099,0.709952
5391,5391012,13843,0.697061
5392,5392008,13715,0.690616
5393,5393011,13763,0.693033
5394,5394008,13923,0.701090
5395,5395012,14211,0.715592
5396,5396009,14435,0.726871
5397,5397013,14579,0.734122
5398,5398009,14531,0.731705
5399,5399013,14371,0.723648
5400,5400009,14083,0.709146
5401,5401013,13843,0.697061
5402,5402010,13731,0.691421
5403,5403014,13763,0.693033
5404,5404011,13923,0.701090
5405,5405014,14211,0.715592
5406,5406011,14451,0.727677
5407,5407015,14579,0.734122
5408,5408011,14547,0.732511
5409,5409011,14355,0.722843
5410,5410009,14083,0.709146
5411,5411013,13843,0.697061
5412,5412009,13715,0.690616
5413,5413013,13747,0.692227
5414,5414010,13923,0.701090
5415,5415013,14195,0.714786
5416,5416010,14467,0.728482
5417,5417009,14579,0.734122
5418,5418014,14547,0.732511
5419,5419010,14355,0.722843
5420,5420014,14083,0.709146
5421,5421011,13859,0.697867
5422,5422014,13731,0.691421
5423,5423011,13747,0.692227
5424,5424015,13939,0.701895
5425,5425012,14211,0.715592
5426,5426011,14451,0.727677
5427,5427014,14563,0.733317
5428,5428011,14531,0.731705
5429,5429015,14355,0.722843
5430,5430011,14083,0.709146
5431,5431015,13843,0.697061
5432,5432012,13715,0.690616
5433,5433010,13747,0.692227
5434,5434014,13939,0.701895
5435,5435010,14179,0.713980
5436,5436014,14419,0.726065
5437,5437011,14563,0.733317
5438,5438015,14531,0.731705
5439,5439011,14355,0.722843
5440,5440015,14083,0.709146
5441,5441014,13843,0.697061
5442,5442011,13715,0.690616
5443,5443015,13747,0.692227
5444,5444011,13923,0.701090
5445,5445015,14179,0.713980
5446,5446012,14435,0.726871
5447,5447008,14563,0.733317
5448,5448012,14547,0.732511
5449,5449010,14355,0.722843
5450,5450008,14099,0.709952
5451,5451012,13843,0.697061
5452,5452008,13731,0.691421
5453,5453012,13763,0.693033
5454,5454009,13939,0.701895
5455,5455012,14179,0.713980
5456,5456009,14435,0.726871
5457,5457015,14563,0.733317
5458,5458011,14547,0.732511
5459,5459008,14355,0.722843
5460,5460012,14083,0.709146
5461,5461008,13859,0.697867
5462,5462012,13715,0.690616
5463,5463009,13747,0.692227
5464,5464012,13939,0.701895
5465,5465012,14195,0.714786
5466,5466008,14451,0.727677
5467,5467012,14563,0.733317
5468,5468009,14547,0.732511
5469,5469013,14371,0.723648
5470,5470009,14083,0.709146
5471,5471013,13843,0.697061
5472,5472009,13715,0.690616
5473,5473014,13763,0.693033
5474,5474015,13923,0.701090
5475,5475011,14195,0.714786
5476,5476015,14435,0.726871
5477,5477011,14563,0.733317
5478,5478008,14531,0.731705
5479,5479012,14371,0.723648
5480,5480008,14083,0.709146
5481,5481015,13843,0.697061
5482,5482013,13715,0.690616
5483,5483009,13763,0.693033
5484,5484013,13939,0.701895
5485,5485010,14179,0.713980
5486,5486014,14451,0.727677
5487,5487010,14579,0.734122
5488,5488014,14531,0.731705
5489,5489014,14355,0.722843
5490,5490012,14099,0.709952
5491,5491008,13843,0.697061
5492,5492012,13731,0.691421
5493,5493009,13747,0.692227
5494,5494013,13939,0.701895
5495,5495009,14195,0.714786
5496,5496013,14435,0.726871
5497,5497013,14579,0.734122
5498,5498011,14547,0.732511
5499,5499015,14355,0.722843
5500,5500012,14083,0.709146
5501,5501008,13843,0.697061
5502,5502012,13731,0.691421
5503,5503008,13747,0.692227
5504,5504012,13955,0.702701
5505,5505012,14195,0.714786
5506,5506010,14451,0.727677
5507,5507014,14563,0.733317
5508,5508010,14531,0.731705
5509,5509014,14355,0.722843
5510,5510011,14099,0.709952
5511,5511014,13843,0.697061
5512,5512011,13731,0.691421
5513,5513011,13747,0.692227
5514,5514015,13923,0.701090
5515,5515012,14195,0.714786
5516,5516008,14435,0.726871
5517,5517012,14579,0.734122
5518,5518008,14531,0.731705
5519,5519012,14355,0.722843
5520,5520009,14099,0.709952
5521,5521010,13843,0.697061
5522,5522008,13715,0.690616
5523,5523012,13763,0.693033
5524,5524008,13923,0.701090
5525,5525012,14211,0.715592
5526,5526008,14435,0.726871
5527,5527012,14563,0.733317
5528,5528009,14531,0.731705
5529,5529010,14355,0.722843
5530,5530014,14083,0.709146
5531,5531010,13843,0.697061
5532,5532014,13715,0.690616
5533,5533011,13747,0.692227
5534,5534015,13939,0.701895
5535,5535011,14195,0.714786
5536,5536015,14451,0.727677
5537,5537013,14563,0.733317
5538,5538015,14499,0.730094
5539,5539012,14339,0.722037
5540,5540009,14067,0.708341
5541,5541014,13827,0.696255
5542,5542010,13715,0.690616
5543,5543014,13747,0.692227
5544,5544011,13955,0.702701
5545,5545012,14195,0.714786
5546,5546010,14451,0.727677
5547,5547015,14563,0.733317
5548,5548012,14531,0.731705
5549,5549008,14355,0.722843
5550,5550012,14083,0.709146
5551,5551008,13843,0.697061
5552,5552012,13731,0.691421
5553,5553013,13763,0.693033
5554,5554011,13955,0.702701
5555,5555008,14211,0.715592
5556,5556012,14435,0.726871
5557,5557008,14563,0.733317
5558,5558012,14547,0.732511
5559,5559009,14355,0.722843
5560,5560013,14083,0.709146
5561,5561015,13859,0.697867
5562,5562012,13715,0.690616
5563,5563009,13747,0.692227
5564,5564012,13923,0.701090
5565,5565009,14179,0.713980
5566,5566013,14435,0.726871
5567,5567009,14563,0.733317
5568,5568013,14547,0.732511
5569,5569015,14355,0.722843
5570,5570014,14083,0.709146
5571,5571010,13843,0.697061
5572,5572014,13731,0.691421
5573,5573011,13763,0.693033
5574,5574014,13939,0.701895
5575,5575011,14195,0.714786
5576,5576015,14451,0.727677
5577,5577010,14579,0.734122
5578,5578014,14547,0.732511
5579,5579011,14355,0.722843
5580,5580014,14099,0.709952
5581,5581011,13843,0.697061
5582,5582015,13715,0.690616
5583,5583011,13747,0.692227
5584,5584015,13939,0.701895
5585,5585011,14179,0.713980
5586,5586008,14435,0.726871
5587,5587012,14563,0.733317
5588,5588009,14547,0.732511
5589,5589013,14355,0.722843
5590,5590009,14083,0.709146
5591,5591013,13843,0.697061
5592,5592009,13715,0.690616
5593,5593013,13763,0.693033
5594,5594010,13923,0.701090
5595,5595013,14211,0.715592
5596,5596010,14435,0.726871
5597,5597014,14563,0.733317
5598,5598010,14547,0.732511
5599,5599014,14355,0.722843
5600,5600011,14099,0.709952
5601,5601251,13667,0.688199
5602,5602015,13731,0.691421
5603,5603015,13779,0.693838
5604,5604013,13955,0.702701
5605,5605010,14211,0.715592
5606,5606013,14467,0.728482
5607,5607010,14579,0.734122
5608,5608014,14547,0.732511
5609,5609013,14355,0.722843
5610,5610013,14083,0.709146
5611,5611010,13859,0.697867
5612,5612014,13731,0.691421
5613,5613010,13779,0.693838
5614,5614014,13955,0.702701
5615,5615010,14211,0.715592
5616,5616014,14467,0.728482
5617,5617010,14579,0.734122
5618,5618015,14531,0.731705
5619,5619011,14339,0.722037
5620,5620015,14099,0.709952
5621,5621012,13843,0.697061
5622,5622008,13715,0.690616
5623,5623012,13747,0.692227
5624,5624008,13939,0.701895
5625,5625013,14195,0.714786
5626,5626010,14451,0.727677
5627,5627014,14579,0.734122
5628,5628010,14547,0.732511
5629,5629014,14371,0.723648
5630,5630011,14099,0.709952
5631,5631015,13843,0.697061
5632,5632011,13715,0.690616
5633,5633015,13763,0.693033
5634,5634012,13939,0.701895
5635,5635009,14195,0.714786
5636,5636013,14451,0.727677
5637,5637009,14579,0.734122
5638,5638013,14547,0.732511
5639,5639009,14355,0.722843
5640,5640013,14051,0.707535
5641,5641011,13827,0.696255
5642,5642009,13699,0.689810
5643,5643013,13747,0.692227
5644,5644009,13907,0.700284
5645,5645013,14195,0.714786
5646,5646010,14435,0.726871
5647,5647014,14563,0.733317
5648,5648010,14531,0.731705
5649,5649015,14339,0.722037
5650,5650013,14067,0.708341
5651,5651010,13827,0.696255
5652,5652013,13715,0.690616
5653,5653010,13747,0.692227
5654,5654014,13907,0.700284
5655,5655010,14195,0.714786
5656,5656014,14435,0.726871
5657,5657012,14579,0.734122
5658,5658011,14547,0.732511
5659,5659015,14355,0.722843
5660,5660012,14083,0.709146
5661,5661008,13843,0.697061
5662,5662012,13715,0.690616
5663,5663009,13747,0.692227
5664,5664012,13923,0.701090
5665,5665015,14195,0.714786
5666,5666014,14451,0.727677
5667,5667010,14579,0.734122
5668,5668014,14547,0.732511
5669,5669011,14355,0.722843
5670,5670014,14083,0.709146
5671,5671011,13843,0.697061
5672,5672015,13731,0.691421
5673,5673013,13763,0.693033
5674,5674011,13939,0.701895
5675,5675008,14179,0.713980
5676,5676012,14435,0.726871
5677,5677008,14563,0.733317
5678,5678012,14547,0.732511
5679,5679009,14355,0.722843
5680,5680012,14083,0.709146
5681,5681010,13843,0.697061
5682,5682008,13731,0.691421
5683,5683012,13747,0.692227
5684,5684009,13939,0.701895
5685,5685013,14195,0.714786
5686,5686009,14435,0.726871
5687,5687013,14579,0.734122
5688,5688009,14531,0.731705
5689,5689008,14355,0.722843
5690,5690014,14083,0.709146
5691,5691011,13859,0.697867
5692,5692014,13715,0.690616
5693,5693011,13747,0.692227
5694,5694015,13955,0.702701
5695,5695011,14195,0.714786
5696,5696015,14435,0.726871
5697,5697014,14579,0.734122
5698,5698011,14531,0.731705
5699,5699014,14339,0.722037
5700,5700011,14083,0.709146
5701,5701015,13859,0.697867
5702,5702011,13715,0.690616
5703,5703015,13763,0.693033
5704,5704012,13923,0.701090
5705,5705011,14211,0.715592
5706,5706008,14435,0.726871
5707,5707012,14579,0.734122
5708,5708008,14531,0.731705
5709,5709012,14371,0.723648
5710,5710009,14099,0.709952
5711,5711012,13843,0.697061
5712,5712009,13715,0.690616
5713,5713008,13747,0.692227
5714,5714012,13939,0.701895
5715,5715009,14195,0.714786
5716,5716013,14451,0.727677
5717,5717009,14563,0.733317
5718,5718013,14547,0.732511
5719,5719009,14339,0.722037
5720,5720013,14083,0.709146
5721,5721013,13843,0.697061
5722,5722012,13715,0.690616
5723,5723009,13747,0.692227
5724,5724012,13939,0.701895
5725,5725009,14195,0.714786
5726,5726013,14451,0.727677
5727,5727009,14563,0.733317
5728,5728013,14547,0.732511
5729,5729010,14355,0.722843
5730,5730015,14083,0.709146
5731,5731012,13827,0.696255
5732,5732008,13731,0.691421
5733,5733012,13763,0.693033
5734,5734009,13923,0.701090
5735,5735012,14195,0.714786
5736,5736009,14435,0.726871
5737,5737010,14563,0.733317
5738,5738009,14547,0.732511
5739,5739013,14339,0.722037
5740,5740010,14083,0.709146
5741,5741013,13843,0.697061
5742,5742010,13699,0.689810
5743,5743014,13731,0.691421
5744,5744010,13923,0.701090
5745,5745011,14195,0.714786
5746,5746009,14451,0.727677
5747,5747013,14547,0.732511
5748,5748009,14547,0.732511
5749,5749013,14355,0.722843
5750,5750010,14099,0.709952
5751,5751014,13843,0.697061
5752,5752010,13731,0.691421
5753,5753012,13747,0.692227
5754,5754011,13923,0.701090
5755,5755015,14211,0.715592
5756,5756011,14435,0.726871
5757,5757015,14579,0.734122
5758,5758012,14531,0.731705
5759,5759008,14355,0.722843
5760,5760012,14083,0.709146
5761,5761013,13843,0.697061
5762,5762010,13715,0.690616
5763,5763014,13747,0.692227
5764,5764011,13939,0.701895
5765,5765014,14211,0.715592
5766,5766011,14451,0.727677
5767,5767015,14595,0.734928
5768,5768011,14531,0.731705
5769,5769013,14355,0.722843
5770,5770010,14083,0.709146
5771,5771014,13859,0.697867
5772,5772011,13731,0.691421
5773,5773015,13747,0.692227
5774,5774011,13923,0.701090
5775,5775015,14195,0.714786
5776,5776011,14435,0.726871
5777,5777012,14563,0.733317
5778,5778010,14531,0.731705
5779,5779013,14355,0.722843
5780,5780010,14083,0.709146
5781,5781014,13843,0.697061
5782,5782010,13699,0.689810
5783,5783014,13763,0.693033
5784,5784011,13923,0.701090
5785,5785013,14211,0.715592
5786,5786010,14451,0.727677
5787,5787013,14579,0.734122
5788,5788010,14547,0.732511
5789,5789014,14355,0.722843
5790,5790010,14083,0.709146
5791,5791014,13843,0.697061
5792,5792011,13715,0.690616
5793,5793009,13763,0.693033
5794,5794009,13939,0.701895
5795,5795013,14195,0.714786
5796,5796009,14451,0.727677
5797,5797013,14579,0.734122
5798,5798009,14547,0.732511
5799,5799013,14355,0.722843
5800,5800010,14083,0.709146
5801,5801012,13859,0.697867
5802,5802009,13715,0.690616
5803,5803013,13763,0.693033
5804,5804010,13923,0.701090
5805,5805014,14211,0.715592
5806,5806010,14451,0.727677
5807,5807014,14595,0.734928
5808,5808010,14531,0.731705
5809,5809013,14371,0.723648
5810,5810011,14099,0.709952
5811,5811015,13843,0.697061
5812,5812011,13715,0.690616
5813,5813015,13763,0.693033
5814,5814011,13939,0.701895
5815,5815008,14211,0.715592
5816,5816012,14467,0.728482
5817,5817015,14579,0.734122
5818,5818011,14531,0.731705
5819,5819008,14355,0.722843
5820,5820012,14099,0.709952
5821,5821008,13859,0.697867
5822,5822012,13731,0.691421
5823,5823009,13747,0.692227
5824,5824012,13955,0.702701
5825,5825009,14195,0.714786
5826,5826013,14451,0.727677
5827,5827010,14579,0.734122
5828,5828013,14547,0.732511
5829,5829010,14355,0.722843
5830,5830014,14099,0.709952
5831,5831010,13859,0.697867
5832,5832014,13731,0.691421
5833,5833009,13763,0.693033
5834,5834014,13955,0.702701
5835,5835010,14211,0.715592
5836,5836014,14451,0.727677
5837,5837011,14579,0.734122
5838,5838015,14547,0.732511
5839,5839011,14371,0.723648
5840,5840015,14099,0.709952
5841,5841012,13843,0.697061
5842,5842010,13715,0.690616
5843,5843014,13763,0.693033
5844,5844010,13939,0.701895
5845,5845014,14179,0.713980
5846,5846010,14419,0.726065
5847,5847014,14579,0.734122
5848,5848011,14531,0.731705
5849,5849015,14339,0.722037
5850,5850014,14083,0.709146
5851,5851011,13843,0.697061
5852,5852014,13715,0.690616
5853,5853011,13747,0.692227
5854,5854015,13955,0.702701
5855,5855011,14195,0.714786
5856,5856015,14451,0.727677
5857,5857019,14611,0.735734
5858,5858010,14531,0.731705
5859,5859015,14339,0.722037
5860,5860011,14083,0.709146
5861,5861015,13843,0.697061
5862,5862012,13715,0.690616
5863,5863008,13763,0.693033
5864,5864012,13923,0.701090
5865,5865011,14195,0.714786
5866,5866015,14435,0.726871
5867,5867012,14563,0.733317
5868,5868008,14531,0.731705
5869,5869012,14355,0.722843
5870,5870008,14083,0.709146
5871,5871012,13843,0.697061
5872,5872009,13715,0.690616
5873,5873014,13747,0.692227
5874,5874013,13939,0.701895
5875,5875009,14195,0.714786
5876,5876013,14451,0.727677
5877,5877010,14579,0.734122
5878,5878014,14547,0.732511
5879,5879010,14371,0.723648
5880,5880014,14067,0.708341
5881,5881012,13859,0.697867
5882,5882010,13715,0.690616
5883,5883013,13747,0.692227
5884,5884010,13939,0.701895
5885,5885014,14195,0.714786
5886,5886010,14451,0.727677
5887,5887014,14579,0.734122
5888,5888011,14531,0.731705
5889,5889009,14355,0.722843
5890,5890008,14083,0.709146
5891,5891012,13859,0.697867
5892,5892009,13715,0.690616
5893,5893012,13763,0.693033
5894,5894009,13939,0.701895
5895,5895013,14195,0.714786
5896,5896009,14435,0.726871
5897,5897015,14563,0.733317
5898,5898012,14547,0.732511
5899,5899009,14355,0.722843
5900,5900013,14099,0.709952
5901,5901009,13843,0.697061
5902,5902013,13731,0.691421
5903,5903010,13747,0.692227
5904,5904014,13923,0.701090
5905,5905012,14179,0.713980
5906,5906009,14435,0.726871
5907,5907013,14579,0.734122
5908,5908009,14531,0.731705
5909,5909013,14355,0.722843
5910,5910010,14083,0.709146
5911,5911013,13843,0.697061
5912,5912010,13715,0.690616
5913,5913009,13747,0.692227
5914,5914013,13923,0.701090
5915,5915010,14195,0.714786
5916,5916013,14451,0.727677
5917,5917010,14579,0.734122
5918,5918014,14547,0.732511
5919,5919010,14355,0.722843
5920,5920014,14099,0.709952
5921,5921010,13843,0.697061
5922,5922010,13715,0.690616
5923,5923014,13763,0.693033
5924,5924011,13939,0.701895
5925,5925014,14195,0.714786
5926,5926011,14435,0.726871
5927,5927015,14563,0.733317
5928,5928011,14531,0.731705
5929,5929012,14355,0.722843
5930,5930011,14083,0.709146
5931,5931008,13843,0.697061
5932,5932012,13731,0.691421
5933,5933009,13763,0.693033
5934,5934013,13939,0.701895
5935,5935009,14211,0.715592
5936,5936013,14451,0.727677
5937,5937013,14563,0.733317
5938,5938011,14547,0.732511
5939,5939015,14355,0.722843
5940,5940011,14083,0.709146
5941,5941015,13843,0.697061
5942,5942012,13715,0.690616
5943,5943008,13747,0.692227
5944,5944012,13939,0.701895
5945,5945012,14195,0.714786
5946,5946009,14435,0.726871
5947,5947013,14547,0.732511
5948,5948010,14515,0.730900
5949,5949013,14371,0.723648
5950,5950010,14083,0.709146
5951,5951014,13843,0.697061
5952,5952010,13715,0.690616
5953,5953011,13731,0.691421
5954,5954015,13939,0.701895
5955,5955011,14195,0.714786
5956,5956008,14451,0.727677
5957,5957012,14579,0.734122
5958,5958008,14531,0.731705
5959,5959012,14355,0.722843
5960,5960009,14099,0.709952
5961,5961009,13843,0.697061
5962,5962014,13715,0.690616
5963,5963010,13747,0.692227
5964,5964014,13939,0.701895
5965,5965010,14211,0.715592
5966,5966014,14435,0.726871
5967,5967011,14563,0.733317
5968,5968015,14547,0.732511
5969,5969015,14355,0.722843
5970,5970014,14083,0.709146
5971,5971011,13843,0.697061
5972,5972015,13715,0.690616
5973,5973011,13747,0.692227
5974,5974015,13939,0.701895
5975,5975011,14195,0.714786
5976,5976008,14435,0.726871
5977,5977010,14579,0.734122
5978,5978014,14531,0.731705
5979,5979010,14355,0.722843
5980,5980014,14099,0.709952
5981,5981011,13843,0.697061
5982,5982014,13715,0.690616
5983,5983011,13747,0.692227
5984,5984015,13939,0.701895
5985,5985014,14179,0.713980
5986,5986013,14435,0.726871
5987,5987009,14579,0.734122
5988,5988013,14547,0.732511
5989,5989010,14355,0.722843
5990,5990014,14099,0.709952
5991,5991010,13843,0.697061
5992,5992014,13731,0.691421
5993,5993015,13747,0.692227
5994,5994012,13955,0.702701
5995,5995009,14179,0.713980
5996,5996012,14435,0.726871
5997,5997009,14579,0.734122
5998,5998013,14547,0.732511
5999,5999009,14355,0.722843
6000,6000013,14083,0.709146
6001,6001015,13827,0.696255
6002,6002013,13731,0.691421
6003,6003010,13747,0.692227
6004,6004014,13939,0.701895
6005,6005010,14195,0.714786
6006,6006014,14435,0.726871
6007,6007011,14563,0.733317
6008,6008014,14547,0.732511
6009,6009009,14355,0.722843
6010,6010014,14083,0.709146
6011,6011011,13843,0.697061
6012,6012014,13715,0.690616
6013,6013011,13747,0.692227
6014,6014015,13939,0.701895
6015,6015011,14179,0.713980
6016,6016008,14435,0.726871
6017,6017010,14563,0.733317
6018,6018015,14531,0.731705
6019,6019012,14355,0.722843
6020,6020008,14083,0.709146
6021,6021012,13843,0.697061
6022,6022009,13699,0.689810
6023,6023012,13747,0.692227
6024,6024009,13923,0.701090
6025,6025011,14179,0.713980
6026,6026008,14451,0.727677
6027,6027012,14579,0.734122
6028,6028009,14547,0.732511
6029,6029013,14355,0.722843
6030,6030009,14083,0.709146
6031,6031013,13843,0.697061
6032,6032009,13715,0.690616
6033,6033013,13763,0.693033
6034,6034011,13939,0.701895
6035,6035008,14195,0.714786
6036,6036012,14435,0.726871
6037,6037009,14579,0.734122
6038,6038013,14531,0.731705
6039,6039009,14371,0.723648
6040,6040013,14083,0.709146
6041,6041009,13859,0.697867
6042,6042014,13715,0.690616
6043,6043011,13747,0.692227
6044,6044014,13955,0.702701
6045,6045011,14195,0.714786
6046,6046015,14451,0.727677
6047,6047011,14563,0.733317
6048,6048015,14547,0.732511
6049,6049010,14339,0.722037
6050,6050010,14067,0.708341
6051,6051014,13843,0.697061
6052,6052011,13699,0.689810
6053,6053015,13763,0.693033
6054,6054011,13923,0.701090
6055,6055008,14195,0.714786
6056,6056012,14451,0.727677
6057,6057008,14563,0.733317
6058,6058014,14531,0.731705
6059,6059011,14355,0.722843
6060,6060015,14067,0.708341
6061,6061011,13827,0.696255
6062,6062015,13715,0.690616
6063,6063011,13747,0.692227
6064,6064008,13923,0.701090
6065,6065011,14179,0.713980
6066,6066008,14435,0.726871
6067,6067012,14579,0.734122
6068,6068008,14531,0.731705
6069,6069012,14355,0.722843
6070,6070009,14083,0.709146
6071,6071012,13843,0.697061
6072,6072009,13715,0.690616
6073,6073013,13763,0.693033
6074,6074012,13939,0.701895
6075,6075008,14211,0.715592
6076,6076012,14435,0.726871
6077,6077009,14563,0.733317
6078,6078012,14531,0.731705
6079,6079009,14355,0.722843
6080,6080013,14083,0.709146
6081,6081010,13843,0.697061
6082,6082014,13731,0.691421
6083,6083010,13747,0.692227
6084,6084014,13923,0.701090
6085,6085011,14195,0.714786
6086,6086014,14435,0.726871
6087,6087011,14563,0.733317
6088,6088015,14531,0.731705
6089,6089011,14355,0.722843
6090,6090009,14099,0.709952
6091,6091013,13843,0.697061
6092,6092010,13715,0.690616
6093,6093013,13747,0.692227
6094,6094010,13939,0.701895
6095,6095014,14211,0.715592
6096,6096010,14451,0.727677
6097,6097008,14579,0.734122
6098,6098013,14531,0.731705
6099,6099010,14355,0.722843
6100,6100014,14083,0.709146
6101,6101010,13859,0.697867
6102,6102014,13731,0.691421
6103,6103011,13763,0.693033
6104,6104014,13939,0.701895
6105,6105011,14195,0.714786
6106,6106008,14451,0.727677
6107,6107012,14579,0.734122
6108,6108008,14547,0.732511
6109,6109012,14371,0.723648
6110,6110009,14099,0.709952
6111,6111013,13859,0.697867
6112,6112009,13715,0.690616
6113,6113021,13731,0.691421
6114,6114014,13923,0.701090
6115,6115013,14195,0.714786
6116,6116009,14451,0.727677
6117,6117013,14563,0.733317
6118,6118010,14547,0.732511
6119,6119014,14371,0.723648
6120,6120010,14083,0.709146
6121,6121014,13859,0.697867
6122,6122013,13715,0.690616
6123,6123009,13763,0.693033
6124,6124013,13955,0.702701
6125,6125010,14211,0.715592
6126,6126014,14451,0.727677
6127,6127010,14579,0.734122
6128,6128014,14531,0.731705
6129,6129012,14355,0.722843
6130,6130010,14099,0.709952
6131,6131014,13843,0.697061
6132,6132010,13731,0.691421
6133,6133014,13763,0.693033
6134,6134011,13939,0.701895
6135,6135014,14211,0.715592
6136,6136011,14451,0.727677
6137,6137009,14579,0.734122
6138,6138014,14547,0.732511
6139,6139010,14355,0.722843
6140,6140014,14083,0.709146
6141,6141011,13843,0.697061
6142,6142014,13731,0.691421
6143,6143011,13747,0.692227
6144,6144015,13939,0.701895
6145,6145015,14211,0.715592
6146,6146014,14435,0.726871
6147,6147010,14563,0.733317
6148,6148014,14547,0.732511
6149,6149010,14355,0.722843
6150,6150014,14083,0.709146
6151,6151011,13843,0.697061
6152,6152015,13699,0.689810
6153,6153014,13731,0.691421
6154,6154011,13923,0.701090
6155,6155015,14179,0.713980
6156,6156011,14435,0.726871
6157,6157015,14579,0.734122
6158,6158012,14531,0.731705
6159,6159008,14355,0.722843
6160,6160012,14083,0.709146
6161,6161011,13843,0.697061
6162,6162008,13715,0.690616
6163,6163012,13763,0.693033
6164,6164009,13923,0.701090
6165,6165013,14195,0.714786
6166,6166009,14451,0.727677
6167,6167013,14579,0.734122
6168,6168010,14531,0.731705
6169,6169008,14355,0.722843
6170,6170013,14083,0.709146
6171,6171009,13843,0.697061
6172,6172013,13715,0.690616
6173,6173010,13747,0.692227
6174,6174013,13923,0.701090
6175,6175010,14179,0.713980
6176,6176014,14451,0.727677
6177,6177014,14579,0.734122
6178,6178013,14547,0.732511
6179,6179009,14355,0.722843
6180,6180013,14083,0.709146
6181,6181010,13859,0.697867
6182,6182013,13715,0.690616
6183,6183010,13747,0.692227
6184,6184014,13939,0.701895
6185,6185014,14195,0.714786
6186,6186013,14451,0.727677
6187,6187009,14563,0.733317
6188,6188013,14547,0.732511
6189,6189010,14355,0.722843
6190,6190014,14083,0.709146
6191,6191010,13859,0.697867
6192,6192014,13715,0.690616
6193,6193015,13747,0.692227
6194,6194012,13939,0.701895
6195,6195009,14195,0.714786
6196,6196012,14451,0.727677
6197,6197009,14579,0.734122
6198,6198013,14531,0.731705
6199,6199009,14355,0.722843
6200,6200013,14099,0.709952
6201,6201014,13843,0.697061
6202,6202015,13715,0.690616
6203,6203012,13763,0.693033
6204,6204009,13939,0.701895
6205,6205013,14211,0.715592
6206,6206009,14451,0.727677
6207,6207013,14595,0.734928
6208,6208010,14547,0.732511
6209,6209009,14371,0.723648
6210,6210014,14083,0.709146
6211,6211010,13859,0.697867
6212,6212014,13731,0.691421
6213,6213011,13747,0.692227
6214,6214014,13939,0.701895
6215,6215011,14195,0.714786
6216,6216015,14451,0.727677
6217,6217010,14579,0.734122
6218,6218008,14547,0.732511
6219,6219012,14371,0.723648
6220,6220009,14099,0.709952
6221,6221012,13859,0.697867
6222,6222009,13731,0.691421
6223,6223013,13763,0.693033
6224,6224009,13939,0.701895
6225,6225011,14195,0.714786
6226,6226015,14451,0.727677
6227,6227011,14563,0.733317
6228,6228015,14547,0.732511
6229,6229011,14355,0.722843
6230,6230008,14083,0.709146
6231,6231012,13859,0.697867
6232,6232008,13731,0.691421
6233,6233011,13747,0.692227
6234,6234010,13939,0.701895
6235,6235014,14211,0.715592
6236,6236010,14435,0.726871
6237,6237014,14579,0.734122
6238,6238011,14547,0.732511
6239,6239014,14371,0.723648
6240,6240011,14099,0.709952
6241,6241012,13843,0.697061
6242,6242010,13715,0.690616
6243,6243014,13747,0.692227
6244,6244010,13939,0.701895
6245,6245014,14211,0.715592
6246,6246011,14435,0.726871
6247,6247015,14579,0.734122
6248,6248011,14531,0.731705
6249,6249015,14371,0.723648
6250,6250012,14083,0.709146
6251,6251009,13859,0.697867
6252,6252012,13731,0.691421
6253,6253009,13763,0.693033
6254,6254013,13955,0.702701
6255,6255009,14195,0.714786
6256,6256013,14467,0.728482
6257,6257009,14563,0.733317
6258,6258014,14515,0.730900
6259,6259011,14371,0.723648
6260,6260015,14083,0.709146
6261,6261011,13843,0.697061
6262,6262015,13731,0.691421
6263,6263012,13763,0.693033
6264,6264008,13955,0.702701
6265,6265011,14211,0.715592
6266,6266015,14451,0.727677
6267,6267011,14579,0.734122
6268,6268008,14547,0.732511
6269,6269012,14371,0.723648
6270,6270008,14083,0.709146
6271,6271012,13843,0.697061
6272,6272009,13715,0.690616
6273,6273010,13763,0.693033
6274,6274014,13939,0.701895
6275,6275011,14211,0.715592
6276,6276015,14467,0.728482
6277,6277011,14579,0.734122
6278,6278015,14547,0.732511
6279,6279012,14355,0.722843
6280,6280008,14083,0.709146
6281,6281012,13843,0.697061
6282,6282010,13715,0.690616
6283,6283014,13763,0.693033
6284,6284011,13939,0.701895
6285,6285014,14195,0.714786
6286,6286011,14435,0.726871
6287,6287015,14595,0.734928
6288,6288011,14547,0.732511
6289,6289015,14371,0.723648
6290,6290012,14099,0.709952
6291,6291009,13859,0.697867
6292,6292013,13731,0.691421
6293,6293009,13747,0.692227
6294,6294013,13939,0.701895
6295,6295009,14195,0.714786
6296,6296013,14451,0.727677
6297,6297010,14595,0.734928
6298,6298014,14547,0.732511
6299,6299011,14355,0.722843
6300,6300015,14099,0.709952
6301,6301011,13843,0.697061
6302,6302008,13731,0.691421
6303,6303012,13763,0.693033
6304,6304008,13923,0.701090
6305,6305015,14195,0.714786
6306,6306014,14435,0.726871
6307,6307010,14563,0.733317
6308,6308014,14547,0.732511
6309,6309011,14355,0.722843
6310,6310014,14083,0.709146
6311,6311011,13843,0.697061
6312,6312015,13731,0.691421
6313,6313012,13747,0.692227
6314,6314009,13939,0.701895
6315,6315013,14195,0.714786
6316,6316010,14451,0.727677
6317,6317014,14579,0.734122
6318,6318010,14547,0.732511
6319,6319014,14355,0.722843
6320,6320010,14083,0.709146
6321,6321008,13843,0.697061
6322,6322015,13715,0.690616
6323,6323012,13747,0.692227
6324,6324008,13955,0.702701
6325,6325012,14195,0.714786
6326,6326009,14451,0.727677
6327,6327013,14579,0.734122
6328,6328009,14547,0.732511
6329,6329013,14371,0.723648
6330,6330010,14083,0.709146
6331,6331014,13859,0.697867
6332,6332010,13715,0.690616
6333,6333014,13763,0.693033
6334,6334011,13923,0.701090
6335,6335015,14195,0.714786
6336,6336011,14451,0.727677
6337,6337009,14579,0.734122
6338,6338009,14547,0.732511
6339,6339013,14355,0.722843
6340,6340009,14083,0.709146
6341,6341013,13843,0.697061
6342,6342010,13715,0.690616
6343,6343013,13747,0.692227
6344,6344010,13939,0.701895
6345,6345008,14179,0.713980
6346,6346008,14451,0.727677
6347,6347013,14579,0.734122
6348,6348009,14531,0.731705
6349,6349013,14355,0.722843
6350,6350010,14083,0.709146
6351,6351013,13859,0.697867
6352,6352010,13715,0.690616
6353,6353008,13763,0.693033
6354,6354013,13939,0.701895
6355,6355010,14211,0.715592
6356,6356014,14435,0.726871
6357,6357010,14547,0.732511
6358,6358014,14547,0.732511
6359,6359011,14339,0.722037
6360,6360015,14083,0.709146
6361,6361013,13827,0.696255
6362,6362011,13715,0.690616
6363,6363008,13763,0.693033
6364,6364012,13923,0.701090
6365,6365008,14195,0.714786
6366,6366012,14451,0.727677
6367,6367009,14563,0.733317
6368,6368013,14547,0.732511
6369,6369156,14291,0.719620
6370,6370016,14051,0.707535
6371,6371015,13859,0.697867
6372,6372012,13715,0.690616
6373,6373008,13763,0.693033
6374,6374012,13939,0.701895
6375,6375009,14195,0.714786
6376,6376013,14467,0.728482
6377,6377014,14579,0.734122
6378,6378013,14547,0.732511
6379,6379010,14371,0.723648
6380,6380013,14099,0.709952
6381,6381010,13843,0.697061
6382,6382014,13715,0.690616
6383,6383010,13763,0.693033
6384,6384014,13939,0.701895
6385,6385014,14195,0.714786
6386,6386011,14435,0.726871
6387,6387008,14579,0.734122
6388,6388012,14531,0.731705
6389,6389008,14387,0.724454
6390,6390012,14083,0.709146
6391,6391009,13843,0.697061
6392,6392013,13715,0.690616
6393,6393012,13747,0.692227
6394,6394009,13939,0.701895
6395,6395013,14195,0.714786
6396,6396009,14435,0.726871
6397,6397013,14579,0.734122
6398,6398010,14547,0.732511
6399,6399013,14355,0.722843
6400,6400010,14083,0.709146
6401,6401009,13827,0.696255
6402,6402015,13715,0.690616
6403,6403011,13763,0.693033
6404,6404008,13923,0.701090
6405,6405012,14195,0.714786
6406,6406008,14451,0.727677
6407,6407012,14579,0.734122
6408,6408009,14531,0.731705
6409,6409008,14371,0.723648
6410,6410013,14083,0.709146
6411,6411010,13843,0.697061
6412,6412013,13715,0.690616
6413,6413010,13763,0.693033
6414,6414014,13955,0.702701
6415,6415010,14195,0.714786
6416,6416014,14451,0.727677
6417,6417014,14579,0.734122
6418,6418010,14531,0.731705
6419,6419014,14355,0.722843
6420,6420011,14083,0.709146
6421,6421015,13843,0.697061
6422,6422011,13715,0.690616
6423,6423015,13763,0.693033
6424,6424011,13939,0.701895
6425,6425013,14211,0.715592
6426,6426010,14451,0.727677
6427,6427014,14563,0.733317
6428,6428011,14531,0.731705
6429,6429015,14371,0.723648
6430,6430011,14083,0.709146
6431,6431015,13843,0.697061
6432,6432011,13715,0.690616
6433,6433012,13747,0.692227
6434,6434011,13939,0.701895
6435,6435015,14211,0.715592
6436,6436011,14451,0.727677
6437,6437008,14579,0.734122
6438,6438012,14547,0.732511
6439,6439008,14355,0.722843
6440,6440012,14083,0.709146
6441,6441013,13859,0.697867
6442,6442011,13715,0.690616
6443,6443015,13763,0.693033
6444,6444011,13939,0.701895
6445,6445008,14195,0.714786
6446,6446012,14467,0.728482
6447,6447008,14579,0.734122
6448,6448012,14563,0.733317
6449,6449014,14355,0.722843
6450,6450011,14099,0.709952
6451,6451015,13843,0.697061
6452,6452011,13715,0.690616
6453,6453015,13779,0.693838
6454,6454012,13939,0.701895
6455,6455008,14195,0.714786
6456,6456012,14451,0.727677
6457,6457014,14579,0.734122
6458,6458012,14531,0.731705
6459,6459009,14339,0.722037
6460,6460012,14067,0.708341
6461,6461009,13827,0.696255
6462,6462013,13715,0.690616
6463,6463009,13747,0.692227
6464,6464013,13939,0.701895
6465,6465008,14195,0.714786
6466,6466012,14435,0.726871
6467,6467009,14579,0.734122
6468,6468013,14547,0.732511
6469,6469009,14355,0.722843
6470,6470013,14099,0.709952
6471,6471009,13843,0.697061
6472,6472013,13731,0.691421
6473,6473014,13747,0.692227
6474,6474011,13939,0.701895
6475,6475015,14211,0.715592
6476,6476011,14435,0.726871
6477,6477015,14579,0.734122
6478,6478012,14547,0.732511
6479,6479008,14355,0.722843
6480,6480012,14099,0.709952
6481,6481014,13859,0.697867
6482,6482013,13715,0.690616
6483,6483010,13763,0.693033
6484,6484014,13955,0.702701
6485,6485010,14195,0.714786
6486,6486014,14451,0.727677
6487,6487010,14579,0.734122
6488,6488014,14547,0.732511
6489,6489009,14355,0.722843
6490,6490014,14099,0.709952
6491,6491010,13843,0.697061
6492,6492014,13715,0.690616
6493,6493011,13763,0.693033
6494,6494014,13955,0.702701
6495,6495011,14179,0.713980
6496,6496015,14451,0.727677
6497,6497010,14579,0.734122
6498,6498009,14547,0.732511
6499,6499013,14355,0.722843
6500,6500009,14083,0.709146
6501,6501013,13859,0.697867
6502,6502010,13731,0.691421
6503,6503013,13763,0.693033
6504,6504010,13923,0.701090
6505,6505014,14195,0.714786
6506,6506014,14451,0.727677
6507,6507010,14579,0.734122
6508,6508014,14547,0.732511
6509,6509010,14355,0.722843
6510,6510014,14083,0.709146
6511,6511011,13843,0.697061
6512,6512015,13731,0.691421
6513,6513010,13763,0.693033
6514,6514014,13939,0.701895
6515,6515010,14195,0.714786
6516,6516014,14435,0.726871
6517,6517011,14563,0.733317
6518,6518015,14547,0.732511
6519,6519011,14339,0.722037
6520,6520015,14099,0.709952
6521,6521010,13843,0.697061
6522,6522008,13731,0.691421
6523,6523012,13763,0.693033
6524,6524009,13939,0.701895
6525,6525012,14195,0.714786
6526,6526009,14435,0.726871
6527,6527013,14579,0.734122
6528,6528009,14531,0.731705
6529,6529013,14371,0.723648
6530,6530012,14083,0.709146
6531,6531009,13843,0.697061
6532,6532013,13715,0.690616
6533,6533009,13763,0.693033
6534,6534013,13939,0.701895
6535,6535010,14195,0.714786
6536,6536013,14451,0.727677
6537,6537010,14579,0.734122
6538,6538014,14547,0.732511
6539,6539011,14355,0.722843
6540,6540015,14099,0.709952
6541,6541011,13859,0.697867
6542,6542015,13715,0.690616
6543,6543012,13763,0.693033
6544,6544008,13955,0.702701
6545,6545013,14211,0.715592
6546,6546011,14451,0.727677
6547,6547015,14579,0.734122
6548,6548011,14531,0.731705
6549,6549008,14371,0.723648
6550,6550012,14099,0.709952
6551,6551008,13843,0.697061
6552,6552012,13715,0.690616
6553,6553009,13747,0.692227
6554,6554014,13939,0.701895
6555,6555010,14195,0.714786
6556,6556014,14435,0.726871
6557,6557011,14563,0.733317
6558,6558015,14547,0.732511
6559,6559011,14355,0.722843
6560,6560015,14083,0.709146
6561,6561011,13827,0.696255
6562,6562010,13699,0.689810
6563,6563013,13747,0.692227
6564,6564010,13923,0.701090
6565,6565014,14195,0.714786
6566,6566010,14435,0.726871
6567,6567014,14579,0.734122
6568,6568011,14547,0.732511
6569,6569009,14355,0.722843
6570,6570015,14083,0.709146
6571,6571011,13843,0.697061
6572,6572008,13715,0.690616
6573,6573012,13763,0.693033
6574,6574008,13939,0.701895
6575,6575012,14195,0.714786
6576,6576009,14435,0.726871
6577,6577014,14579,0.734122
6578,6578013,14547,0.732511
6579,6579009,14355,0.722843
6580,6580013,14083,0.709146
6581,6581010,13843,0.697061
6582,6582014,13731,0.691421
6583,6583010,13731,0.691421
6584,6584014,13939,0.701895
6585,6585013,14195,0.714786
6586,6586011,14435,0.726871
6587,6587008,14563,0.733317
6588,6588012,14531,0.731705
6589,6589009,14355,0.722843
6590,6590013,14099,0.709952
6591,6591009,13843,0.697061
6592,6592013,13715,0.690616
6593,6593011,13747,0.692227
6594,6594008,13939,0.701895
6595,6595012,14211,0.715592
6596,6596009,14451,0.727677
6597,6597013,14579,0.734122
6598,6598009,14531,0.731705
6599,6599013,14355,0.722843
6600,6600010,14083,0.709146
6601,6601008,13843,0.697061
6602,6602013,13731,0.691421
6603,6603009,13747,0.692227
6604,6604013,13939,0.701895
6605,6605010,14195,0.714786
6606,6606013,14435,0.726871
6607,6607010,14579,0.734122
6608,6608014,14531,0.731705
6609,6609013,14339,0.722037
6610,6610010,14083,0.709146
6611,6611014,13843,0.697061
6612,6612011,13715,0.690616
6613,6613014,13747,0.692227
6614,6614011,13907,0.700284
6615,6615015,14195,0.714786
6616,6616011,14435,0.726871
6617,6617012,14563,0.733317
6618,6618010,14531,0.731705
6619,6619013,14355,0.722843
6620,6620010,14083,0.709146
6621,6621014,13843,0.697061
6622,6622010,13699,0.689810
6623,6623014,13747,0.692227
6624,6624011,13939,0.701895
6625,6625020,14179,0.713980
6626,6626013,14435,0.726871
6627,6627010,14579,0.734122
6628,6628013,14531,0.731705
6629,6629010,14355,0.722843
6630,6630014,14099,0.709952
6631,6631010,13843,0.697061
6632,6632014,13731,0.691421
6633,6633008,13763,0.693033
6634,6634013,13939,0.701895
6635,6635010,14195,0.714786
6636,6636014,14451,0.727677
6637,6637010,14563,0.733317
6638,6638014,14547,0.732511
6639,6639010,14355,0.722843
6640,6640014,14083,0.709146
6641,6641009,13843,0.697061
6642,6642015,13715,0.690616
6643,6643011,13747,0.692227
6644,6644008,13939,0.701895
6645,6645012,14195,0.714786
6646,6646008,14435,0.726871
6647,6647012,14563,0.733317
6648,6648009,14547,0.732511
6649,6649009,14371,0.723648
6650,6650014,14083,0.709146
6651,6651011,13843,0.697061
6652,6652014,13715,0.690616
6653,6653011,13763,0.693033
6654,6654015,13939,0.701895
6655,6655011,14211,0.715592
6656,6656008,14451,0.727677
6657,6657010,14579,0.734122
6658,6658015,14547,0.732511
6659,6659011,14355,0.722843
6660,6660008,14083,0.709146
6661,6661012,13859,0.697867
6662,6662008,13731,0.691421
6663,6663012,13763,0.693033
6664,6664009,13923,0.701090
6665,6665009,14211,0.715592
6666,6666008,14435,0.726871
6667,6667012,14579,0.734122
6668,6668008,14531,0.731705
6669,6669012,14355,0.722843
6670,6670009,14083,0.709146
6671,6671012,13843,0.697061
6672,6672009,13715,0.690616
6673,6673009,13747,0.692227
6674,6674015,13939,0.701895
6675,6675011,14195,0.714786
6676,6676008,14435,0.726871
6677,6677012,14579,0.734122
6678,6678008,14547,0.732511
6679,6679012,14371,0.723648
6680,6680009,14083,0.709146
6681,6681011,13843,0.697061
6682,6682008,13715,0.690616
6683,6683012,13747,0.692227
6684,6684009,13939,0.701895
6685,6685012,14211,0.715592
6686,6686009,14435,0.726871
6687,6687013,14579,0.734122
6688,6688009,14531,0.731705
6689,6689015,14355,0.722843
6690,6690009,14099,0.709952
6691,6691015,13843,0.697061
6692,6692012,13715,0.690616
6693,6693008,13747,0.692227
6694,6694012,13939,0.701895
6695,6695009,14195,0.714786
6696,6696012,14435,0.726871
6697,6697013,14579,0.734122
6698,6698010,14531,0.731705
6699,6699014,14371,0.723648
6700,6700010,14083,0.709146
6701,6701014,13859,0.697867
6702,6702011,13699,0.689810
6703,6703015,13763,0.693033
6704,6704011,13923,0.701090
6705,6705014,14195,0.714786
6706,6706013,14435,0.726871
6707,6707009,14563,0.733317
6708,6708013,14547,0.732511
6709,6709010,14355,0.722843
6710,6710014,14099,0.709952
6711,6711010,13843,0.697061
6712,6712014,13731,0.691421
6713,6713010,13747,0.692227
6714,6714013,13939,0.701895
6715,6715010,14195,0.714786
6716,6716014,14451,0.727677
6717,6717010,14579,0.734122
6718,6718014,14531,0.731705
6719,6719011,14371,0.723648
6720,6720015,14083,0.709146
6721,6721010,13843,0.697061
6722,6722014,13715,0.690616
6723,6723011,13747,0.692227
6724,6724014,13923,0.701090
6725,6725011,14195,0.714786
6726,6726015,14451,0.727677
6727,6727011,14563,0.733317
6728,6728015,14563,0.733317
6729,6729010,14355,0.722843
6730,6730010,14083,0.709146
6731,6731013,13843,0.697061
6732,6732010,13715,0.690616
6733,6733014,13763,0.693033
6734,6734010,13939,0.701895
6735,6735014,14211,0.715592
6736,6736011,14435,0.726871
6737,6737014,14579,0.734122
6738,6738013,14547,0.732511
6739,6739009,14355,0.722843
6740,6740013,14099,0.709952
6741,6741010,13843,0.697061
6742,6742014,13715,0.690616
6743,6743010,13747,0.692227
6744,6744014,13955,0.702701
6745,6745011,14195,0.714786
6746,6746015,14435,0.726871
6747,6747012,14579,0.734122
6748,6748008,14547,0.732511
6749,6749012,14355,0.722843
6750,6750009,14099,0.709952
6751,6751012,13827,0.696255
6752,6752009,13731,0.691421
6753,6753013,13763,0.693033
6754,6754011,13939,0.701895
6755,6755015,14211,0.715592
6756,6756011,14435,0.726871
6757,6757015,14579,0.734122
6758,6758012,14531,0.731705
6759,6759008,14355,0.722843
6760,6760012,14099,0.709952
6761,6761010,13859,0.697867
6762,6762008,13731,0.691421
6763,6763012,13747,0.692227
6764,6764008,13923,0.701090
6765,6765012,14195,0.714786
6766,6766009,14435,0.726871
6767,6767013,14547,0.732511
6768,6768009,14531,0.731705
6769,6769013,14339,0.722037
6770,6770011,14083,0.709146
6771,6771008,13843,0.697061
6772,6772012,13715,0.690616
6773,6773008,13763,0.693033
6774,6774012,13939,0.701895
6775,6775009,14179,0.713980
6776,6776012,14451,0.727677
6777,6777010,14563,0.733317
6778,6778008,14547,0.732511
6779,6779012,14355,0.722843
6780,6780009,14099,0.709952
6781,6781013,13843,0.697061
6782,6782009,13699,0.689810
6783,6783013,13731,0.691421
6784,6784010,13939,0.701895
6785,6785014,14003,0.705118
6786,6786011,14435,0.726871
6787,6787015,14579,0.734122
6788,6788011,14531,0.731705
6789,6789015,14339,0.722037
6790,6790011,14067,0.708341
6791,6791008,13859,0.697867
6792,6792012,13731,0.691421
6793,6793009,13763,0.693033
6794,6794014,13923,0.701090
6795,6795010,14195,0.714786
6796,6796014,14419,0.726065
6797,6797011,14531,0.731705
6798,6798014,14531,0.731705
6799,6799011,14307,0.720426
6800,6800015,14067,0.708341
6801,6801013,13827,0.696255
6802,6802010,13699,0.689810
6803,6803014,13731,0.691421
6804,6804010,13923,0.701090
6805,6805014,14179,0.713980
6806,6806011,14435,0.726871
6807,6807014,14579,0.734122
6808,6808011,14531,0.731705
6809,6809009,14355,0.722843
6810,6810009,14083,0.709146
6811,6811014,13843,0.697061
6812,6812010,13731,0.691421
6813,6813014,13747,0.692227
6814,6814011,13923,0.701090
6815,6815015,14211,0.715592
6816,6816011,14435,0.726871
6817,6817014,14579,0.734122
6818,6818015,14547,0.732511
6819,6819012,14355,0.722843
6820,6820009,14099,0.709952
6821,6821013,13843,0.697061
6822,6822009,13715,0.690616
6823,6823013,13763,0.693033
6824,6824010,13955,0.702701
6825,6825009,14211,0.715592
6826,6826013,14435,0.726871
6827,6827010,14563,0.733317
6828,6828013,14531,0.731705
6829,6829010,14371,0.723648
6830,6830014,14099,0.709952
6831,6831010,13843,0.697061
6832,6832014,13731,0.691421
6833,6833012,13763,0.693033
6834,6834010,13939,0.701895
6835,6835013,14211,0.715592
6836,6836010,14451,0.727677
6837,6837014,14595,0.734928
6838,6838010,14547,0.732511
6839,6839014,14371,0.723648
6840,6840011,14099,0.709952
6841,6841009,13843,0.697061
6842,6842015,13731,0.691421
6843,6843012,13763,0.693033
6844,6844008,13955,0.702701
6845,6845012,14211,0.715592
6846,6846009,14451,0.727677
6847,6847012,14579,0.734122
6848,6848009,14547,0.732511
6849,6849009,14355,0.722843
6850,6850008,14083,0.709146
6851,6851012,13859,0.697867
6852,6852009,13731,0.691421
6853,6853013,13763,0.693033
6854,6854009,13939,0.701895
6855,6855013,14211,0.715592
6856,6856009,14451,0.727677
6857,6857010,14579,0.734122
6858,6858008,14547,0.732511
6859,6859013,14371,0.723648
6860,6860010,14083,0.709146
6861,6861014,13843,0.697061
6862,6862010,13731,0.691421
6863,6863014,13763,0.693033
6864,6864011,13955,0.702701
6865,6865011,14195,0.714786
6866,6866015,14451,0.727677
6867,6867011,14579,0.734122
6868,6868015,14355,0.722843
6869,6869011,14355,0.722843
6870,6870008,14099,0.709952
6871,6871012,13859,0.697867
6872,6872008,13731,0.691421
6873,6873010,13763,0.693033
6874,6874015,13955,0.702701
6875,6875011,14211,0.715592
6876,6876008,14467,0.728482
6877,6877012,14595,0.734928
6878,6878008,14547,0.732511
6879,6879012,14371,0.723648
6880,6880009,14099,0.709952
6881,6881021,13827,0.696255
6882,6882009,13747,0.692227
6883,6883014,13747,0.692227
6884,6884010,13939,0.701895
6885,6885014,14195,0.714786
6886,6886011,14435,0.726871
6887,6887014,14579,0.734122
6888,6888011,14547,0.732511
6889,6889015,14371,0.723648
6890,6890011,14083,0.709146
6891,6891015,13859,0.697867
6892,6892012,13731,0.691421
6893,6893008,13763,0.693033
6894,6894012,13939,0.701895
6895,6895008,14195,0.714786
6896,6896012,14451,0.727677
6897,6897015,14579,0.734122
6898,6898012,14547,0.732511
6899,6899009,14371,0.723648
6900,6900013,14083,0.709146
6901,6901009,13827,0.696255
6902,6902013,13715,0.690616
6903,6903010,13715,0.690616
6904,6904014,13923,0.701090
6905,6905015,14163,0.713175
6906,6906012,14419,0.726065
6907,6907008,14547,0.732511
6908,6908012,14515,0.730900
6909,6909008,14339,0.722037
6910,6910012,14067,0.708341
6911,6911009,13827,0.696255
6912,6912013,13715,0.690616
6913,6913015,13747,0.692227
6914,6914012,13923,0.701090
6915,6915009,14179,0.713980
6916,6916013,14435,0.726871
6917,6917009,14579,0.734122
6918,6918013,14531,0.731705
6919,6919010,14323,0.721231
6920,6920014,14083,0.709146
6921,6921015,13827,0.696255
6922,6922013,13683,0.689004
6923,6923009,13747,0.692227
6924,6924013,13923,0.701090
6925,6925010,14179,0.713980
6926,6926014,14435,0.726871
6927,6927010,14563,0.733317
6928,6928014,14531,0.731705
6929,6929008,14355,0.722843
6930,6930013,14099,0.709952
6931,6931009,13859,0.697867
6932,6932013,13715,0.690616
6933,6933010,13763,0.693033
6934,6934013,13939,0.701895
6935,6935010,14211,0.715592
6936,6936014,14451,0.727677
6937,6937008,14563,0.733317
6938,6938014,14547,0.732511
6939,6939011,14371,0.723648
6940,6940015,14099,0.709952
6941,6941011,13843,0.697061
6942,6942015,13731,0.691421
6943,6943011,13763,0.693033
6944,6944008,13939,0.701895
6945,6945014,14211,0.715592
6946,6946011,14435,0.726871
6947,6947015,14579,0.734122
6948,6948011,14547,0.732511
6949,6949008,14371,0.723648
6950,6950012,14083,0.709146
6951,6951008,13843,0.697061
6952,6952012,13715,0.690616
6953,6953008,13747,0.692227
6954,6954014,13939,0.701895
6955,6955010,14211,0.715592
6956,6956014,14451,0.727677
6957,6957011,14579,0.734122
6958,6958014,14547,0.732511
6959,6959011,14355,0.722843
6960,6960015,14099,0.709952
6961,6961011,13843,0.697061
6962,6962009,13731,0.691421
6963,6963013,13763,0.693033
6964,6964009,13939,0.701895
6965,6965013,14211,0.715592
6966,6966010,14451,0.727677
6967,6967014,14563,0.733317
6968,6968010,14531,0.731705
6969,6969012,14355,0.722843
6970,6970010,14099,0.709952
6971,6971014,13827,0.696255
6972,6972010,13683,0.689004
6973,6973014,13763,0.693033
6974,6974011,13939,0.701895
6975,6975014,14195,0.714786
6976,6976011,14435,0.726871
6977,6977014,14579,0.734122
6978,6978012,14531,0.731705
6979,6979008,14355,0.722843
6980,6980012,14083,0.709146
6981,6981008,13827,0.696255
6982,6982012,13731,0.691421
6983,6983009,13747,0.692227
6984,6984013,13923,0.701090
6985,6985009,14195,0.714786
6986,6986013,14435,0.726871
6987,6987010,14579,0.734122
6988,6988013,14547,0.732511
6989,6989010,14355,0.722843
6990,6990014,14099,0.709952
6991,6991010,13843,0.697061
6992,6992014,13731,0.691421
6993,6993011,13747,0.692227
6994,6994008,13939,0.701895
6995,6995012,14195,0.714786
6996,6996008,14451,0.727677
6997,6997012,14579,0.734122
6998,6998008,14531,0.731705
6999,6999012,14371,0.723648
7000,7000009,14083,0.709146
7001,7001013,13859,0.697867
7002,7002011,13731,0.691421
7003,7003015,13763,0.693033
7004,7004012,13939,0.701895
7005,7005008,14211,0.715592
7006,7006012,14451,0.727677
7007,7007008,14563,0.733317
7008,7008012,14531,0.731705
7009,7009010,14355,0.722843
7010,7010012,14083,0.709146
7011,7011011,13843,0.697061
7012,7012008,13731,0.691421
7013,7013012,13763,0.693033
7014,7014009,13939,0.701895
7015,7015012,14179,0.713980
7016,7016009,14435,0.726871
7017,7017014,14563,0.733317
7018,7018013,14515,0.730900
7019,7019009,14339,0.722037
7020,7020013,14067,0.708341
7021,7021009,13811,0.695450
7022,7022013,13715,0.690616
7023,7023010,13731,0.691421
7024,7024014,13923,0.701090
7025,7025012,14163,0.713175
7026,7026009,14419,0.726065
7027,7027013,14563,0.733317
7028,7028010,14499,0.730094
7029,7029013,14339,0.722037
7030,7030010,14035,0.706729
7031,7031014,13827,0.696255
7032,7032010,13699,0.689810
7033,7033008,13715,0.690616
7034,7034014,13907,0.700284
7035,7035010,14179,0.713980
7036,7036014,14435,0.726871
7037,7037011,14563,0.733317
7038,7038014,14531,0.731705
7039,7039011,14339,0.722037
7040,7040015,14051,0.707535
7041,7041013,13843,0.697061
7042,7042010,13699,0.689810
7043,7043014,13747,0.692227
7044,7044010,13923,0.701090
7045,7045014,14179,0.713980
7046,7046011,14435,0.726871
7047,7047015,14563,0.733317
7048,7048011,14547,0.732511
7049,7049009,14339,0.722037
7050,7050015,14083,0.709146
7051,7051012,13843,0.697061
7052,7052009,13715,0.690616
7053,7053013,13763,0.693033
7054,7054009,13923,0.701090
7055,7055013,14195,0.714786
7056,7056010,14435,0.726871
7057,7057008,14579,0.734122
7058,7058015,14547,0.732511
7059,7059011,14355,0.722843
7060,7060015,14083,0.709146
7061,7061012,13843,0.697061
7062,7062008,13715,0.690616
7063,7063012,13763,0.693033
7064,7064008,13923,0.701090
7065,7065014,14179,0.713980
7066,7066011,14435,0.726871
7067,7067015,14563,0.733317
7068,7068012,14547,0.732511
7069,7069008,14355,0.722843
7070,7070012,14099,0.709952
7071,7071008,13843,0.697061
7072,7072012,13731,0.691421
7073,7073016,13747,0.692227
7074,7074015,13923,0.701090
7075,7075012,14179,0.713980
7076,7076008,14435,0.726871
7077,7077012,14579,0.734122
7078,7078009,14515,0.730900
7079,7079012,14339,0.722037
7080,7080009,14083,0.709146
7081,7081009,13843,0.697061
7082,7082013,13715,0.690616
7083,7083009,13747,0.692227
7084,7084013,13939,0.701895
7085,7085010,14179,0.713980
7086,7086013,14451,0.727677
7087,7087010,14563,0.733317
7088,7088014,14531,0.731705
7089,7089013,14339,0.722037
7090,7090012,14083,0.709146
7091,7091009,13843,0.697061
7092,7092013,13715,0.690616
7093,7093010,13763,0.693033
7094,7094013,13939,0.701895
7095,7095010,14179,0.713980
7096,7096014,14435,0.726871
7097,7097014,14563,0.733317
7098,7098011,14547,0.732511
7099,7099014,14355,0.722843
7100,7100011,14083,0.709146
7101,7101015,13843,0.697061
7102,7102011,13731,0.691421
7103,7103015,13763,0.693033
7104,7104012,13923,0.701090
7105,7105012,14195,0.714786
7106,7106011,14435,0.726871
7107,7107009,14563,0.733317
7108,7108013,14547,0.732511
7109,7109010,14355,0.722843
7110,7110014,14099,0.709952
7111,7111010,13843,0.697061
7112,7112014,13731,0.691421
7113,7113015,13747,0.692227
7114,7114012,13939,0.701895
7115,7115008,14195,0.714786
7116,7116012,14451,0.727677
7117,7117009,14563,0.733317
7118,7118012,14547,0.732511
7119,7119009,14371,0.723648
7120,7120013,14083,0.709146
7121,7121013,13843,0.697061
7122,7122010,13715,0.690616
7123,7123014,13763,0.693033
7124,7124011,13923,0.701090
7125,7125015,14211,0.715592
7126,7126011,14435,0.726871
7127,7127015,14579,0.734122
7128,7128011,14531,0.731705
7129,7129012,14355,0.722843
7130,7130010,14083,0.709146
7131,7131014,13843,0.697061
7132,7132011,13715,0.690616
7133,7133015,13763,0.693033
7134,7134011,13923,0.701090
7135,7135015,14211,0.715592
7136,7136012,14451,0.727677
7137,7137078,14563,0.733317
7138,7138009,14531,0.731705
7139,7139014,14355,0.722843
7140,7140011,14083,0.709146
7141,7141014,13843,0.697061
7142,7142011,13731,0.691421
7143,7143015,13763,0.693033
7144,7144011,13923,0.701090
7145,7145012,14195,0.714786
7146,7146010,14435,0.726871
7147,7147014,14563,0.733317
7148,7148010,14547,0.732511
7149,7149014,14371,0.723648
7150,7150011,14083,0.709146
7151,7151015,13859,0.697867
7152,7152011,13731,0.691421
7153,7153014,13763,0.693033
7154,7154011,13939,0.701895
7155,7155015,14211,0.715592
7156,7156011,14435,0.726871
7157,7157008,14563,0.733317
7158,7158012,14547,0.732511
7159,7159008,14355,0.722843
7160,7160012,14083,0.709146
7161,7161014,13827,0.696255
7162,7162010,13715,0.690616
7163,7163014,13763,0.693033
7164,7164011,13939,0.701895
7165,7165015,14195,0.714786
7166,7166011,14435,0.726871
7167,7167015,14579,0.734122
7168,7168011,14547,0.732511
7169,7169014,14355,0.722843
7170,7170011,14067,0.708341
7171,7171008,13843,0.697061
7172,7172012,13715,0.690616
7173,7173008,13747,0.692227
7174,7174012,13955,0.702701
7175,7175009,14195,0.714786
7176,7176013,14419,0.726065
7177,7177008,14563,0.733317
7178,7178013,14531,0.731705
7179,7179010,14355,0.722843
7180,7180014,14083,0.709146
7181,7181010,13827,0.696255
7182,7182014,13715,0.690616
7183,7183011,13747,0.692227
7184,7184015,13939,0.701895
7185,7185009,14179,0.713980
7186,7186014,14451,0.727677
7187,7187010,14563,0.733317
7188,7188014,14547,0.732511
7189,7189011,14355,0.722843
7190,7190015,14083,0.709146
7191,7191011,13843,0.697061
7192,7192015,13731,0.691421
7193,7193012,13747,0.692227
7194,7194010,13939,0.701895
7195,7195014,14195,0.714786
7196,7196011,14435,0.726871
7197,7197015,14579,0.734122
7198,7198011,14531,0.731705
7199,7199015,14355,0.722843
7200,7200012,14083,0.709146
7201,7201015,13827,0.696255
7202,7202015,13715,0.690616
7203,7203013,13747,0.692227
7204,7204009,13923,0.701090
7205,7205013,14195,0.714786
7206,7206010,14435,0.726871
7207,7207013,14579,0.734122
7208,7208010,14531,0.731705
7209,7209012,14355,0.722843
7210,7210010,14083,0.709146
7211,7211014,13843,0.697061
7212,7212011,13715,0.690616
7213,7213014,13747,0.692227
7214,7214011,13923,0.701090
7215,7215015,14211,0.715592
7216,7216011,14435,0.726871
7217,7217015,14563,0.733317
7218,7218014,14547,0.732511
7219,7219011,14355,0.722843
7220,7220015,14083,0.709146
7221,7221011,13843,0.697061
7222,7222008,13715,0.690616
7223,7223012,13747,0.692227
7224,7224008,13923,0.701090
7225,7225012,14195,0.714786
7226,7226010,14435,0.726871
7227,7227014,14579,0.734122
7228,7228010,14531,0.731705
7229,7229014,14355,0.722843
7230,7230011,14083,0.709146
7231,7231015,13843,0.697061
7232,7232011,13715,0.690616
7233,7233015,13747,0.692227
7234,7234012,13939,0.701895
7235,7235009,14195,0.714786
7236,7236012,14451,0.727677
7237,7237009,14563,0.733317
7238,7238013,14547,0.732511
7239,7239009,14371,0.723648
7240,7240013,14083,0.709146
7241,7241011,13843,0.697061
7242,7242009,13715,0.690616
7243,7243013,13747,0.692227
7244,7244009,13939,0.701895
7245,7245013,14195,0.714786
7246,7246010,14451,0.727677
7247,7247013,14579,0.734122
7248,7248010,14531,0.731705
7249,7249008,14339,0.722037
7250,7250014,14099,0.709952
7251,7251011,13843,0.697061
7252,7252015,13715,0.690616
7253,7253011,13747,0.692227
7254,7254015,13939,0.701895
7255,7255012,14179,0.713980
7256,7256008,14435,0.726871
7257,7257013,14563,0.733317
7258,7258011,14547,0.732511
7259,7259015,14355,0.722843
7260,7260012,14099,0.709952
7261,7261008,13843,0.697061
7262,7262012,13731,0.691421
7263,7263008,13747,0.692227
7264,7264012,13939,0.701895
7265,7265008,14211,0.715592
7266,7266014,14435,0.726871
7267,7267011,14563,0.733317
7268,7268015,14531,0.731705
7269,7269011,14355,0.722843
7270,7270015,14099,0.709952
7271,7271011,13843,0.697061
7272,7272008,13715,0.690616
7273,7273014,13763,0.693033
7274,7274012,13939,0.701895
7275,7275009,14195,0.714786
7276,7276012,14435,0.726871
7277,7277009,14579,0.734122
7278,7278013,14531,0.731705
7279,7279009,14339,0.722037
7280,7280013,14067,0.708341
7281,7281012,13827,0.696255
7282,7282010,13715,0.690616
7283,7283014,13747,0.692227
7284,7284010,13923,0.701090
7285,7285014,14195,0.714786
7286,7286011,14435,0.726871
7287,7287014,14563,0.733317
7288,7288011,14515,0.730900
7289,7289009,14355,0.722843
7290,7290008,14083,0.709146
7291,7291012,13843,0.697061
7292,7292009,13715,0.690616
7293,7293012,13747,0.692227
7294,7294009,13923,0.701090
7295,7295013,14195,0.714786
7296,7296009,14435,0.726871
7297,7297008,14563,0.733317
7298,7298014,14531,0.731705
7299,7299010,14339,0.722037
7300,7300014,14099,0.709952
7301,7301011,13843,0.697061
7302,7302014,13731,0.691421
7303,7303011,13763,0.693033
7304,7304015,13955,0.702701
7305,7305015,14211,0.715592
7306,7306012,14435,0.726871
7307,7307009,14563,0.733317
7308,7308013,14547,0.732511
7309,7309009,14355,0.722843
7310,7310013,14083,0.709146
7311,7311010,13843,0.697061
7312,7312013,13715,0.690616
7313,7313013,13747,0.692227
7314,7314011,13923,0.701090
7315,7315008,14179,0.713980
7316,7316012,14435,0.726871
7317,7317008,14563,0.733317
7318,7318012,14547,0.732511
7319,7319009,14355,0.722843
7320,7320013,14083,0.709146
7321,7321011,13843,0.697061
7322,7322009,13715,0.690616
7323,7323013,13747,0.692227
7324,7324009,13939,0.701895
7325,7325013,14211,0.715592
7326,7326009,14435,0.726871
7327,7327013,14579,0.734122
7328,7328010,14547,0.732511
7329,7329016,14339,0.722037
7330,7330015,14083,0.709146
7331,7331011,13843,0.697061
7332,7332008,13731,0.691421
7333,7333012,13763,0.693033
7334,7334008,13939,0.701895
7335,7335012,14195,0.714786
7336,7336009,14419,0.726065
7337,7337010,14563,0.733317
7338,7338014,14531,0.731705
7339,7339010,14355,0.722843
7340,7340014,14067,0.708341
7341,7341011,13843,0.697061
7342,7342015,13715,0.690616
7343,7343011,13747,0.692227
7344,7344015,13939,0.701895
7345,7345015,14195,0.714786
7346,7346012,14435,0.726871
7347,7347008,14563,0.733317
7348,7348012,14547,0.732511
7349,7349009,14355,0.722843
7350,7350013,14099,0.709952
7351,7351009,13843,0.697061
7352,7352013,13715,0.690616
7353,7353015,13763,0.693033
7354,7354012,13939,0.701895
7355,7355009,14195,0.714786
7356,7356013,14451,0.727677
7357,7357009,14563,0.733317
7358,7358013,14547,0.732511
7359,7359010,14355,0.722843
7360,7360013,14099,0.709952
7361,7361015,13859,0.697867
7362,7362014,13715,0.690616
7363,7363011,13747,0.692227
7364,7364015,13939,0.701895
7365,7365011,14179,0.713980
7366,7366015,14451,0.727677
7367,7367012,14563,0.733317
7368,7368008,14547,0.732511
7369,7369009,14355,0.722843
7370,7370015,14083,0.709146
7371,7371011,13843,0.697061
7372,7372015,13715,0.690616
7373,7373012,13763,0.693033
7374,7374008,13939,0.701895
7375,7375012,14211,0.715592
7376,7376008,14419,0.726065
7377,7377010,14563,0.733317
7378,7378015,14547,0.732511
7379,7379011,14355,0.722843
7380,7380008,14099,0.709952
7381,7381012,13811,0.695450
7382,7382008,13699,0.689810
7383,7383012,13747,0.692227
7384,7384009,13923,0.701090
7385,7385011,14179,0.713980
7386,7386008,14435,0.726871
7387,7387012,14563,0.733317
7388,7388009,14531,0.731705
7389,7389013,14355,0.722843
7390,7390009,14083,0.709146
7391,7391013,13843,0.697061
7392,7392010,13699,0.689810
7393,7393016,13731,0.691421
7394,7394011,13923,0.701090
7395,7395015,14195,0.714786
7396,7396011,14435,0.726871
7397,7397015,14579,0.734122
7398,7398012,14531,0.731705
7399,7399008,14355,0.722843
7400,7400012,14083,0.709146
7401,7401015,13843,0.697061
7402,7402013,13715,0.690616
7403,7403009,13747,0.692227
7404,7404013,13939,0.701895
7405,7405010,14195,0.714786
7406,7406014,14435,0.726871
7407,7407010,14563,0.733317
7408,7408014,14531,0.731705
7409,7409009,14371,0.723648
7410,7410015,14099,0.709952
7411,7411011,13859,0.697867
7412,7412008,13715,0.690616
7413,7413012,13747,0.692227
7414,7414008,13923,0.701090
7415,7415012,14195,0.714786
7416,7416009,14451,0.727677
7417,7417011,14563,0.733317
7418,7418008,14547,0.732511
7419,7419012,14371,0.723648
7420,7420009,14083,0.709146
7421,7421012,13843,0.697061
7422,7422009,13715,0.690616
7423,7423013,13763,0.693033
7424,7424009,13923,0.701090
7425,7425012,14195,0.714786
7426,7426008,14435,0.726871
7427,7427012,14579,0.734122
7428,7428009,14531,0.731705
7429,7429013,14355,0.722843
7430,7430009,14083,0.709146
7431,7431013,13843,0.697061
7432,7432009,13715,0.690616
7433,7433013,13747,0.692227
7434,7434010,13939,0.701895
7435,7435014,14211,0.715592
7436,7436011,14451,0.727677
7437,7437015,14579,0.734122
7438,7438011,14547,0.732511
7439,7439015,14355,0.722843
7440,7440012,14083,0.709146
7441,7441008,13843,0.697061
7442,7442015,13731,0.691421
7443,7443012,13747,0.692227
7444,7444008,13923,0.701090
7445,7445012,14195,0.714786
7446,7446009,14435,0.726871
7447,7447012,14579,0.734122
7448,7448009,14547,0.732511
7449,7449014,14355,0.722843
7450,7450012,14083,0.709146
7451,7451008,13843,0.697061
7452,7452012,13715,0.690616
7453,7453009,13747,0.692227
7454,7454013,13939,0.701895
7455,7455009,14179,0.713980
7456,7456013,14435,0.726871
7457,7457016,14563,0.733317
7458,7458009,14547,0.732511
7459,7459013,14355,0.722843
7460,7460010,14083,0.709146
7461,7461014,13843,0.697061
7462,7462010,13715,0.690616
7463,7463014,13763,0.693033
7464,7464011,13923,0.701090
7465,7465009,14179,0.713980
7466,7466013,14451,0.727677
7467,7467010,14563,0.733317
7468,7468014,14531,0.731705
7469,7469010,14355,0.722843
7470,7470014,14099,0.709952
7471,7471011,13843,0.697061
7472,7472015,13731,0.691421
7473,7473012,13747,0.692227
7474,7474010,13923,0.701090
7475,7475014,14195,0.714786
7476,7476010,14435,0.726871
7477,7477014,14579,0.734122
7478,7478011,14547,0.732511
7479,7479014,14355,0.722843
7480,7480011,14083,0.709146
7481,7481010,13843,0.697061
7482,7482009,13731,0.691421
7483,7483012,13731,0.691421
7484,7484009,13891,0.699478
7485,7485013,14195,0.714786
7486,7486009,14435,0.726871
7487,7487013,14579,0.734122
7488,7488010,14531,0.731705
7489,7489015,14371,0.723648
7490,7490014,14083,0.709146
7491,7491011,13843,0.697061
7492,7492015,13731,0.691421
7493,7493011,13763,0.693033
7494,7494015,13939,0.701895
7495,7495011,14195,0.714786
7496,7496008,14435,0.726871
7497,7497015,14579,0.734122
7498,7498012,14531,0.731705
7499,7499009,14355,0.722843
7500,7500012,14083,0.709146
7501,7501009,13843,0.697061
7502,7502013,13731,0.691421
7503,7503009,13763,0.693033
7504,7504013,13923,0.701090
7505,7505012,14211,0.715592
7506,7506009,14435,0.726871
7507,7507013,14579,0.734122
7508,7508010,14531,0.731705
7509,7509014,14355,0.722843
7510,7510010,14083,0.709146
7511,7511014,13843,0.697061
7512,7512010,13715,0.690616
7513,7513009,13763,0.693033
7514,7514013,13939,0.701895
7515,7515010,14195,0.714786
7516,7516014,14435,0.726871
7517,7517010,14563,0.733317
7518,7518014,14547,0.732511
7519,7519011,14371,0.723648
7520,7520015,14099,0.709952
7521,7521015,13843,0.697061
7522,7522014,13731,0.691421
7523,7523010,13763,0.693033
7524,7524014,13939,0.701895
7525,7525011,14195,0.714786
7526,7526014,14451,0.727677
7527,7527011,14563,0.733317
7528,7528015,14547,0.732511
7529,7529015,14355,0.722843
7530,7530014,14083,0.709146
7531,7531011,13843,0.697061
7532,7532014,13715,0.690616
7533,7533011,13763,0.693033
7534,7534015,13939,0.701895
7535,7535011,14195,0.714786
7536,7536015,14435,0.726871
7537,7537015,14563,0.733317
7538,7538013,14547,0.732511
7539,7539010,14355,0.722843
7540,7540014,14099,0.709952
7541,7541011,13843,0.697061
7542,7542014,13747,0.692227
7543,7543011,13747,0.692227
7544,7544015,13939,0.701895
7545,7545015,14211,0.715592
7546,7546011,14435,0.726871
7547,7547015,14579,0.734122
7548,7548011,14531,0.731705
7549,7549008,14371,0.723648
7550,7550012,14083,0.709146
7551,7551008,13843,0.697061
7552,7552012,13731,0.691421
7553,7553013,13747,0.692227
7554,7554011,13923,0.701090
7555,7555015,14195,0.714786
7556,7556011,14435,0.726871
7557,7557008,14563,0.733317
7558,7558012,14531,0.731705
7559,7559008,14355,0.722843
7560,7560012,14083,0.709146
7561,7561012,13843,0.697061
7562,7562010,13731,0.691421
7563,7563014,13763,0.693033
7564,7564010,13939,0.701895
7565,7565014,14211,0.715592
7566,7566011,14435,0.726871
7567,7567014,14579,0.734122
7568,7568011,14531,0.731705
7569,7569011,14371,0.723648
7570,7570015,14083,0.709146
7571,7571012,13843,0.697061
7572,7572008,13715,0.690616
7573,7573012,13763,0.693033
7574,7574008,13923,0.701090
7575,7575012,14195,0.714786
7576,7576009,14435,0.726871
7577,7577010,14579,0.734122
7578,7578009,14531,0.731705
7579,7579013,14355,0.722843
7580,7580009,14083,0.709146
7581,7581013,13843,0.697061
7582,7582010,13715,0.690616
7583,7583014,13763,0.693033
7584,7584010,13923,0.701090
7585,7585015,14163,0.713175
7586,7586013,14403,0.725260
7587,7587010,14547,0.732511
7588,7588014,14531,0.731705
7589,7589010,14355,0.722843
7590,7590014,14083,0.709146
7591,7591010,13843,0.697061
7592,7592014,13715,0.690616
7593,7593009,13763,0.693033
7594,7594014,13955,0.702701
7595,7595011,14179,0.713980
7596,7596015,14435,0.726871
7597,7597011,14563,0.733317
7598,7598015,14531,0.731705
7599,7599012,14355,0.722843
7600,7600008,14083,0.709146
7601,7601010,13843,0.697061
7602,7602015,13715,0.690616
7603,7603011,13747,0.692227
7604,7604015,13939,0.701895
7605,7605012,14211,0.715592
7606,7606008,14451,0.727677
7607,7607012,14563,0.733317
7608,7608009,14531,0.731705
7609,7609010,14355,0.722843
7610,7610015,14083,0.709146
7611,7611011,13843,0.697061
7612,7612015,13715,0.690616
7613,7613012,13747,0.692227
7614,7614008,13923,0.701090
7615,7615012,14195,0.714786
7616,7616008,14451,0.727677
7617,7617010,14563,0.733317
7618,7618008,14531,0.731705
7619,7619012,14355,0.722843
7620,7620009,14083,0.709146
7621,7621013,13843,0.697061
7622,7622009,13715,0.690616
7623,7623013,13747,0.692227
7624,7624009,13923,0.701090
7625,7625011,14195,0.714786
7626,7626009,14435,0.726871
7627,7627013,14579,0.734122
7628,7628009,14547,0.732511
7629,7629013,14371,0.723648
7630,7630010,14099,0.709952
7631,7631013,13843,0.697061
7632,7632010,13715,0.690616
7633,7633011,13763,0.693033
7634,7634008,13939,0.701895
7635,7635012,14211,0.715592
7636,7636009,14451,0.727677
7637,7637013,14579,0.734122
7638,7638009,14547,0.732511
7639,7639013,14371,0.723648
7640,7640009,14083,0.709146
7641,7641012,13859,0.697867
7642,7642009,13731,0.691421
7643,7643012,13763,0.693033
7644,7644009,13939,0.701895
7645,7645013,14195,0.714786
7646,7646009,14435,0.726871
7647,7647013,14579,0.734122
7648,7648010,14547,0.732511
7649,7649025,14339,0.722037
7650,7650013,14083,0.709146
7651,7651012,13843,0.697061
7652,7652008,13731,0.691421
7653,7653012,13763,0.693033
7654,7654009,13939,0.701895
7655,7655013,14211,0.715592
7656,7656009,14435,0.726871
7657,7657010,14579,0.734122
7658,7658009,14547,0.732511
7659,7659013,14371,0.723648
7660,7660009,14083,0.709146
7661,7661013,13859,0.697867
7662,7662010,13715,0.690616
7663,7663013,13763,0.693033
7664,7664010,13939,0.701895
7665,7665015,14195,0.714786
7666,7666014,14435,0.726871
7667,7667010,14579,0.734122
7668,7668014,14531,0.731705
7669,7669010,14355,0.722843
7670,7670014,14099,0.709952
7671,7671011,13843,0.697061
7672,7672015,13731,0.691421
7673,7673011,13747,0.692227
7674,7674010,13939,0.701895
7675,7675008,14211,0.715592
7676,7676012,14451,0.727677
7677,7677009,14563,0.733317
7678,7678013,14547,0.732511
7679,7679009,14355,0.722843
7680,7680013,14099,0.709952
7681,7681010,13843,0.697061
7682,7682015,13699,0.689810
7683,7683011,13747,0.692227
7684,7684015,13939,0.701895
7685,7685012,14195,0.714786
7686,7686008,14451,0.727677
7687,7687012,14579,0.734122
7688,7688008,14531,0.731705
7689,7689013,14339,0.722037
7690,7690011,14099,0.709952
7691,7691008,13843,0.697061
7692,7692012,13731,0.691421
7693,7693008,13747,0.692227
7694,7694012,13923,0.701090
7695,7695009,14179,0.713980
7696,7696012,14467,0.728482
7697,7697010,14579,0.734122
7698,7698009,14547,0.732511
7699,7699013,14371,0.723648
7700,7700009,14083,0.709146
7701,7701013,13859,0.697867
7702,7702009,13715,0.690616
7703,7703013,13763,0.693033
7704,7704010,13923,0.701090
7705,7705008,14211,0.715592
7706,7706013,14451,0.727677
7707,7707009,14563,0.733317
7708,7708013,14547,0.732511
7709,7709010,14355,0.722843
7710,7710013,14099,0.709952
7711,7711010,13859,0.697867
7712,7712014,13747,0.692227
7713,7713010,13763,0.693033
7714,7714010,13955,0.702701
7715,7715014,14195,0.714786
7716,7716011,14435,0.726871
7717,7717015,14579,0.734122
7718,7718011,14531,0.731705
7719,7719015,14371,0.723648
7720,7720012,14083,0.709146
7721,7721013,13843,0.697061
7722,7722011,13731,0.691421
7723,7723015,13747,0.692227
7724,7724012,13923,0.701090
7725,7725008,14179,0.713980
7726,7726012,14451,0.727677
7727,7727008,14595,0.734928
7728,7728012,14547,0.732511
7729,7729011,14355,0.722843
7730,7730015,14099,0.709952
7731,7731012,13843,0.697061
7732,7732008,13731,0.691421
7733,7733012,13763,0.693033
7734,7734008,13939,0.701895
7735,7735012,14211,0.715592
7736,7736009,14435,0.726871
7737,7737014,14563,0.733317
7738,7738011,14531,0.731705
7739,7739015,14355,0.722843
7740,7740011,14099,0.709952
7741,7741015,13843,0.697061
7742,7742012,13715,0.690616
7743,7743008,13763,0.693033
7744,7744012,13955,0.702701
7745,7745011,14195,0.714786
7746,7746010,14435,0.726871
7747,7747014,14579,0.734122
7748,7748010,14547,0.732511
7749,7749014,14371,0.723648
7750,7750011,14099,0.709952
7751,7751015,13843,0.697061
7752,7752011,13715,0.690616
7753,7753010,13763,0.693033
7754,7754015,13939,0.701895
7755,7755011,14195,0.714786
7756,7756008,14451,0.727677
7757,7757012,14579,0.734122
7758,7758008,14531,0.731705
7759,7759012,14355,0.722843
7760,7760009,14083,0.709146
7761,7761015,13843,0.697061
7762,7762014,13715,0.690616
7763,7763011,13747,0.692227
7764,7764015,13939,0.701895
7765,7765011,14195,0.714786
7766,7766015,14435,0.726871
7767,7767011,14579,0.734122
7768,7768008,14547,0.732511
7769,7769015,14355,0.722843
7770,7770013,14099,0.709952
7771,7771010,13843,0.697061
7772,7772014,13731,0.691421
7773,7773010,13747,0.692227
7774,7774014,13939,0.701895
7775,7775010,14195,0.714786
7776,7776014,14451,0.727677
7777,7777014,14563,0.733317
7778,7778013,14547,0.732511
7779,7779010,14355,0.722843
7780,7780014,14083,0.709146
7781,7781010,13843,0.697061
7782,7782014,13731,0.691421
7783,7783011,13747,0.692227
7784,7784015,13939,0.701895
7785,7785015,14195,0.714786
7786,7786012,14435,0.726871
7787,7787008,14579,0.734122
7788,7788012,14547,0.732511
7789,7789008,14355,0.722843
7790,7790012,14099,0.709952
7791,7791009,13811,0.695450
7792,7792013,13875,0.698672
7793,7793013,13731,0.691421
7794,7794010,13907,0.700284
7795,7795014,14195,0.714786
7796,7796010,14419,0.726065
7797,7797014,14563,0.733317
7798,7798011,14531,0.731705
7799,7799015,14355,0.722843
7800,7800011,14083,0.709146
7801,7801011,13843,0.697061
7802,7802009,13715,0.690616
7803,7803013,13747,0.692227
7804,7804009,13923,0.701090
7805,7805013,14195,0.714786
7806,7806009,14435,0.726871
7807,7807013,14563,0.733317
7808,7808010,14531,0.731705
7809,7809011,14355,0.722843
7810,7810009,14083,0.709146
7811,7811012,13843,0.697061
7812,7812009,13699,0.689810
7813,7813013,13747,0.692227
7814,7814009,13923,0.701090
7815,7815013,14179,0.713980
7816,7816010,14435,0.726871
7817,7817012,14579,0.734122
7818,7818013,14547,0.732511
7819,7819012,14355,0.722843
7820,7820009,14083,0.709146
7821,7821012,13827,0.696255
7822,7822009,13715,0.690616
7823,7823013,13763,0.693033
7824,7824009,13939,0.701895
7825,7825011,14195,0.714786
7826,7826008,14419,0.726065
7827,7827012,14563,0.733317
7828,7828008,14547,0.732511
7829,7829012,14355,0.722843
7830,7830009,14099,0.709952
7831,7831013,13859,0.697867
7832,7832009,13731,0.691421
7833,7833011,13763,0.693033
7834,7834008,13939,0.701895
7835,7835012,14211,0.715592
7836,7836009,14451,0.727677
7837,7837013,14595,0.734928
7838,7838009,14547,0.732511
7839,7839013,14371,0.723648
7840,7840009,14099,0.709952
7841,7841010,13859,0.697867
7842,7842010,13715,0.690616
7843,7843014,13763,0.693033
7844,7844010,13939,0.701895
7845,7845014,14195,0.714786
7846,7846010,14435,0.726871
7847,7847014,14579,0.734122
7848,7848011,14547,0.732511
7849,7849014,14355,0.722843
7850,7850013,14083,0.709146
7851,7851010,13843,0.697061
7852,7852013,13731,0.691421
7853,7853010,13763,0.693033
7854,7854014,13939,0.701895
7855,7855010,14211,0.715592
7856,7856014,14467,0.728482
7857,7857009,14579,0.734122
7858,7858015,14547,0.732511
7859,7859011,14371,0.723648
7860,7860015,14083,0.709146
7861,7861012,13843,0.697061
7862,7862008,13715,0.690616
7863,7863012,13747,0.692227
7864,7864009,13923,0.701090
7865,7865011,14211,0.715592
7866,7866010,14451,0.727677
7867,7867015,14563,0.733317
7868,7868011,14531,0.731705
7869,7869008,14355,0.722843
7870,7870012,14083,0.709146
7871,7871008,13843,0.697061
7872,7872012,13731,0.691421
7873,7873008,13763,0.693033
7874,7874015,13955,0.702701
7875,7875011,14195,0.714786
7876,7876015,14451,0.727677
7877,7877012,14563,0.733317
7878,7878008,14531,0.731705
7879,7879012,14371,0.723648
7880,7880008,14083,0.709146
7881,7881012,13843,0.697061
7882,7882008,13715,0.690616
7883,7883012,13763,0.693033
7884,7884008,13939,0.701895
7885,7885012,14179,0.713980
7886,7886009,14451,0.727677
7887,7887013,14579,0.734122
7888,7888009,14547,0.732511
7889,7889012,14371,0.723648
7890,7890010,14099,0.709952
7891,7891014,13843,0.697061
7892,7892011,13731,0.691421
7893,7893014,13747,0.692227
7894,7894011,13939,0.701895
7895,7895015,14179,0.713980
7896,7896011,14419,0.726065
7897,7897015,14579,0.734122
7898,7898012,14547,0.732511
7899,7899008,14355,0.722843
7900,7900012,14083,0.709146
7901,7901009,13843,0.697061
7902,7902012,13715,0.690616
7903,7903009,13763,0.693033
7904,7904013,13939,0.701895
7905,7905020,14211,0.715592
7906,7906013,14451,0.727677
7907,7907013,14563,0.733317
7908,7908010,14531,0.731705
7909,7909013,14371,0.723648
7910,7910010,14083,0.709146
7911,7911014,13843,0.697061
7912,7912010,13715,0.690616
7913,7913012,13747,0.692227
7914,7914009,13907,0.700284
7915,7915013,14211,0.715592
7916,7916009,14435,0.726871
7917,7917013,14579,0.734122
7918,7918010,14547,0.732511
7919,7919013,14355,0.722843
7920,7920010,14083,0.709146
7921,7921015,13843,0.697061
7922,7922011,13715,0.690616
7923,7923008,13747,0.692227
7924,7924012,13939,0.701895
7925,7925008,14195,0.714786
7926,7926012,14467,0.728482
7927,7927009,14579,0.734122
7928,7928013,14531,0.731705
7929,7929010,14355,0.722843
7930,7930015,14083,0.709146
7931,7931011,13843,0.697061
7932,7932015,13715,0.690616
7933,7933012,13747,0.692227
7934,7934008,13939,0.701895
7935,7935012,14195,0.714786
7936,7936008,14435,0.726871
7937,7937013,14563,0.733317
7938,7938010,14547,0.732511
7939,7939014,14371,0.723648
7940,7940010,14083,0.709146
7941,7941014,13859,0.697867
7942,7942011,13715,0.690616
7943,7943014,13763,0.693033
7944,7944011,13923,0.701090
7945,7945008,14211,0.715592
7946,7946014,14435,0.726871
7947,7947010,14579,0.734122
7948,7948014,14547,0.732511
7949,7949011,14355,0.722843
7950,7950015,14099,0.709952
7951,7951011,13859,0.697867
7952,7952015,13731,0.691421
7953,7953013,13747,0.692227
7954,7954012,13939,0.701895
7955,7955009,14195,0.714786
7956,7956013,14451,0.727677
7957,7957009,14563,0.733317
7958,7958013,14547,0.732511
7959,7959010,14355,0.722843
7960,7960013,14099,0.709952
7961,7961011,13843,0.697061
7962,7962008,13715,0.690616
7963,7963012,13763,0.693033
7964,7964009,13923,0.701090
7965,7965013,14195,0.714786
7966,7966009,14435,0.726871
7967,7967013,14579,0.734122
7968,7968009,14531,0.731705
7969,7969015,14355,0.722843
7970,7970009,14099,0.709952
7971,7971013,13859,0.697867
7972,7972009,13715,0.690616
7973,7973013,13747,0.692227
7974,7974009,13939,0.701895
7975,7975013,14211,0.715592
7976,7976010,14435,0.726871
7977,7977008,14563,0.733317
7978,7978014,14547,0.732511
7979,7979010,14371,0.723648
7980,7980014,14083,0.709146
7981,7981011,13843,0.697061
7982,7982014,13715,0.690616
7983,7983011,13763,0.693033
7984,7984015,13939,0.701895
7985,7985014,14211,0.715592
7986,7986012,14451,0.727677
7987,7987008,14563,0.733317
7988,7988012,14547,0.732511
7989,7989008,14355,0.722843
7990,7990012,14099,0.709952
7991,7991009,13843,0.697061
7992,7992013,13731,0.691421
7993,7993012,13747,0.692227
7994,7994010,13939,0.701895
7995,7995014,14179,0.713980
7996,7996011,14403,0.725260
7997,7997014,14563,0.733317
7998,7998011,14515,0.730900
7999,7999015,14355,0.722843
8000,8000011,14083,0.709146
8001,8001010,13843,0.697061
8002,8002014,13715,0.690616
8003,8003011,13747,0.692227
8004,8004015,13923,0.701090
8005,8005011,14195,0.714786
8006,8006015,14435,0.726871
8007,8007011,14563,0.733317
8008,8008008,14531,0.731705
8009,8009008,14355,0.722843
8010,8010013,14083,0.709146
8011,8011010,13843,0.697061
8012,8012014,13731,0.691421
8013,8013011,13747,0.692227
8014,8014014,13955,0.702701
8015,8015011,14179,0.713980
8016,8016015,14435,0.726871
8017,8017015,14579,0.734122
8018,8018013,14547,0.732511
8019,8019010,14355,0.722843
8020,8020014,14083,0.709146
8021,8021010,13843,0.697061
8022,8022014,13731,0.691421
8023,8023011,13747,0.692227
8024,8024014,13939,0.701895
8025,8025015,14195,0.714786
8026,8026012,14451,0.727677
8027,8027008,14579,0.734122
8028,8028012,14547,0.732511
8029,8029009,14339,0.722037
8030,8030013,14083,0.709146
8031,8031009,13827,0.696255
8032,8032013,13715,0.690616
8033,8033011,13747,0.692227
8034,8034012,13939,0.701895
8035,8035010,14211,0.715592
8036,8036014,14451,0.727677
8037,8037011,14563,0.733317
8038,8038014,14547,0.732511
8039,8039011,14339,0.722037
8040,8040015,14083,0.709146
8041,8041010,13843,0.697061
8042,8042008,13715,0.690616
8043,8043012,13747,0.692227
8044,8044009,13923,0.701090
8045,8045012,14211,0.715592
8046,8046009,14451,0.727677
8047,8047013,14579,0.734122
8048,8048009,14531,0.731705
8049,8049012,14355,0.722843
8050,8050009,14083,0.709146
8051,8051013,13843,0.697061
8052,8052009,13715,0.690616
8053,8053013,13763,0.693033
8054,8054010,13939,0.701895
8055,8055014,14211,0.715592
8056,8056010,14435,0.726871
8057,8057011,14579,0.734122
8058,8058009,14531,0.731705
8059,8059013,14355,0.722843
8060,8060009,14067,0.708341
8061,8061013,13843,0.697061
8062,8062009,13715,0.690616
8063,8063013,13763,0.693033
8064,8064010,13923,0.701090
8065,8065012,14195,0.714786
8066,8066011,14435,0.726871
8067,8067014,14579,0.734122
8068,8068011,14531,0.731705
8069,8069015,14355,0.722843
8070,8070011,14099,0.709952
8071,8071015,13843,0.697061
8072,8072012,13715,0.690616
8073,8073013,13763,0.693033
8074,8074012,13939,0.701895
8075,8075008,14195,0.714786
8076,8076012,14435,0.726871
8077,8077009,14579,0.734122
8078,8078013,14547,0.732511
8079,8079009,14355,0.722843
8080,8080013,14099,0.709952
8081,8081008,13859,0.697867
8082,8082013,13715,0.690616
8083,8083010,13747,0.692227
8084,8084014,13939,0.701895
8085,8085010,14179,0.713980
8086,8086014,14435,0.726871
8087,8087011,14563,0.733317
8088,8088015,14547,0.732511
8089,8089010,14355,0.722843
8090,8090009,14083,0.709146
8091,8091013,13859,0.697867
8092,8092009,13715,0.690616
8093,8093013,13763,0.693033
8094,8094010,13923,0.701090
8095,8095014,14195,0.714786
8096,8096010,14435,0.726871
8097,8097015,14547,0.732511
8098,8098014,14515,0.730900
8099,8099010,14339,0.722037
8100,8100014,14083,0.709146
8101,8101011,13827,0.696255
8102,8102015,13715,0.690616
8103,8103011,13747,0.692227
8104,8104015,13939,0.701895
8105,8105010,14195,0.714786
8106,8106015,14451,0.727677
8107,8107011,14563,0.733317
8108,8108015,14547,0.732511
8109,8109012,14371,0.723648
8110,8110008,14083,0.709146
8111,8111012,13859,0.697867
8112,8112008,13731,0.691421
8113,8113013,13747,0.692227
8114,8114010,13923,0.701090
8115,8115014,14195,0.714786
8116,8116011,14451,0.727677
8117,8117014,14579,0.734122
8118,8118011,14531,0.731705
8119,8119015,14355,0.722843
8120,8120011,14099,0.709952
8121,8121015,13859,0.697867
8122,8122013,13715,0.690616
8123,8123009,13747,0.692227
8124,8124013,13923,0.701090
8125,8125009,14195,0.714786
8126,8126013,14451,0.727677
8127,8127010,14579,0.734122
8128,8128014,14547,0.732511
8129,8129010,14355,0.722843
8130,8130015,14083,0.709146
8131,8131011,13843,0.697061
8132,8132008,13715,0.690616
8133,8133012,13747,0.692227
8134,8134008,13923,0.701090
8135,8135012,14195,0.714786
8136,8136009,14435,0.726871
8137,8137012,14563,0.733317
8138,8138011,14547,0.732511
8139,8139015,14355,0.722843
8140,8140011,14083,0.709146
8141,8141015,13843,0.697061
8142,8142012,13715,0.690616
8143,8143008,13763,0.693033
8144,8144012,13939,0.701895
8145,8145009,14179,0.713980
8146,8146013,14435,0.726871
8147,8147010,14547,0.732511
8148,8148014,14547,0.732511
8149,8149010,14355,0.722843
8150,8150014,14083,0.709146
8151,8151011,13843,0.697061
8152,8152014,13715,0.690616
8153,8153012,13747,0.692227
8154,8154009,13923,0.701090
8155,8155013,14195,0.714786
8156,8156010,14451,0.727677
8157,8157014,14579,0.734122
8158,8158010,14531,0.731705
8159,8159014,14355,0.722843
8160,8160011,14083,0.709146
8161,8161301,13779,0.693838
8162,8162011,13747,0.692227
8163,8163009,13747,0.692227
8164,8164013,13939,0.701895
8165,8165010,14195,0.714786
8166,8166014,14451,0.727677
8167,8167010,14579,0.734122
8168,8168014,14547,0.732511
8169,8169011,14355,0.722843
8170,8170010,14083,0.709146
8171,8171013,13859,0.697867
8172,8172010,13715,0.690616
8173,8173014,13763,0.693033
8174,8174010,13939,0.701895
8175,8175014,14195,0.714786
8176,8176011,14435,0.726871
8177,8177012,14579,0.734122
8178,8178010,14531,0.731705
8179,8179014,14355,0.722843
8180,8180011,14083,0.709146
8181,8181014,13859,0.697867
8182,8182011,13715,0.690616
8183,8183015,13763,0.693033
8184,8184011,13939,0.701895
8185,8185009,14195,0.714786
8186,8186014,14435,0.726871
8187,8187011,14563,0.733317
8188,8188015,14547,0.732511
8189,8189011,14339,0.722037
8190,8190015,14083,0.709146
8191,8191011,13843,0.697061
8192,8192008,13715,0.690616
8193,8193014,13763,0.693033
8194,8194012,13939,0.701895
8195,8195009,14195,0.714786
8196,8196013,14451,0.727677
8197,8197009,14563,0.733317
8198,8198013,14547,0.732511
8199,8199010,14355,0.722843
8200,8200013,14083,0.709146
8201,8201012,13843,0.697061
8202,8202010,13715,0.690616
8203,8203014,13747,0.692227
8204,8204010,13923,0.701090
8205,8205014,14195,0.714786
8206,8206011,14435,0.726871
8207,8207014,14563,0.733317
8208,8208011,14531,0.731705
8209,8209010,14355,0.722843
8210,8210014,14083,0.709146
8211,8211010,13843,0.697061
8212,8212014,13731,0.691421
8213,8213011,13747,0.692227
8214,8214015,13923,0.701090
8215,8215011,14211,0.715592
8216,8216015,14451,0.727677
8217,8217014,14547,0.732511
8218,8218013,14531,0.731705
8219,8219010,14355,0.722843
8220,8220014,14099,0.709952
8221,8221010,13843,0.697061
8222,8222014,13715,0.690616
8223,8223010,13747,0.692227
8224,8224014,13955,0.702701
8225,8225011,14195,0.714786
8226,8226010,14435,0.726871
8227,8227013,14579,0.734122
8228,8228010,14547,0.732511
8229,8229014,14355,0.722843
8230,8230010,14083,0.709146
8231,8231014,13843,0.697061
8232,8232011,13715,0.690616
8233,8233012,13747,0.692227
8234,8234010,13939,0.701895
8235,8235014,14211,0.715592
8236,8236010,14435,0.726871
8237,8237014,14579,0.734122
8238,8238010,14547,0.732511
8239,8239014,14371,0.723648
8240,8240011,14099,0.709952
8241,8241011,13843,0.697061
8242,8242008,13715,0.690616
8243,8243012,13763,0.693033
8244,8244008,13923,0.701090
8245,8245012,14195,0.714786
8246,8246008,14451,0.727677
8247,8247012,14563,0.733317
8248,8248009,14531,0.731705
8249,8249009,14371,0.723648
8250,8250015,14099,0.709952
8251,8251011,13843,0.697061
8252,8252008,13715,0.690616
8253,8253012,13763,0.693033
8254,8254008,13939,0.701895
8255,8255012,14211,0.715592
8256,8256009,14435,0.726871
8257,8257009,14563,0.733317
8258,8258015,14531,0.731705
8259,8259012,14355,0.722843
8260,8260008,14083,0.709146
8261,8261012,13843,0.697061
8262,8262009,13715,0.690616
8263,8263012,13747,0.692227
8264,8264009,13923,0.701090
8265,8265011,14195,0.714786
8266,8266010,14451,0.727677
8267,8267008,14563,0.733317
8268,8268012,14547,0.732511
8269,8269008,14355,0.722843
8270,8270012,14099,0.709952
8271,8271009,13843,0.697061
8272,8272012,13731,0.691421
8273,8273013,13763,0.693033
8274,8274010,13939,0.701895
8275,8275014,14211,0.715592
8276,8276010,14435,0.726871
8277,8277014,14579,0.734122
8278,8278011,14547,0.732511
8279,8279014,14355,0.722843
8280,8280011,14083,0.709146
8281,8281012,13843,0.697061
8282,8282010,13731,0.691421
8283,8283014,13763,0.693033
8284,8284010,13939,0.701895
8285,8285014,14211,0.715592
8286,8286010,14435,0.726871
8287,8287014,14579,0.734122
8288,8288011,14547,0.732511
8289,8289010,14339,0.722037
8290,8290010,14099,0.709952
8291,8291013,13843,0.697061
8292,8292010,13715,0.690616
8293,8293014,13763,0.693033
8294,8294010,13939,0.701895
8295,8295014,14195,0.714786
8296,8296011,14451,0.727677
8297,8297013,14563,0.733317
8298,8298012,14547,0.732511
8299,8299008,14371,0.723648
8300,8300012,14099,0.709952
8301,8301008,13843,0.697061
8302,8302012,13731,0.691421
8303,8303009,13763,0.693033
8304,8304013,13939,0.701895
8305,8305015,14179,0.713980
8306,8306014,14419,0.726065
8307,8307011,14579,0.734122
8308,8308015,14547,0.732511
8309,8309011,14355,0.722843
8310,8310008,14083,0.709146
8311,8311012,13843,0.697061
8312,8312008,13715,0.690616
8313,8313011,13763,0.693033
8314,8314015,13939,0.701895
8315,8315011,14195,0.714786
8316,8316008,14435,0.726871
8317,8317012,14579,0.734122
8318,8318008,14531,0.731705
8319,8319012,14371,0.723648
8320,8320009,14083,0.709146
8321,8321011,13843,0.697061
8322,8322008,13715,0.690616
8323,8323012,13763,0.693033
8324,8324009,13923,0.701090
8325,8325012,14211,0.715592
8326,8326009,14451,0.727677
8327,8327013,14579,0.734122
8328,8328009,14547,0.732511
8329,8329012,14355,0.722843
8330,8330009,14099,0.709952
8331,8331013,13859,0.697867
8332,8332009,13715,0.690616
8333,8333013,13747,0.692227
8334,8334010,13939,0.701895
8335,8335013,14211,0.715592
8336,8336010,14435,0.726871
8337,8337012,14579,0.734122
8338,8338009,14547,0.732511
8339,8339013,14371,0.723648
8340,8340010,14083,0.709146
8341,8341014,13859,0.697867
8342,8342010,13715,0.690616
8343,8343014,13747,0.692227
8344,8344010,13939,0.701895
8345,8345013,14211,0.715592
8346,8346011,14435,0.726871
8347,8347014,14579,0.734122
8348,8348011,14547,0.732511
8349,8349015,14355,0.722843
8350,8350011,14099,0.709952
8351,8351015,13843,0.697061
8352,8352012,13715,0.690616
8353,8353011,13747,0.692227
8354,8354010,13939,0.701895
8355,8355014,14211,0.715592
8356,8356010,14451,0.727677
8357,8357014,14579,0.734122
8358,8358011,14563,0.733317
8359,8359014,14387,0.724454
8360,8360011,14083,0.709146
8361,8361009,13843,0.697061
8362,8362010,13715,0.690616
8363,8363014,13763,0.693033
8364,8364010,13923,0.701090
8365,8365014,14211,0.715592
8366,8366010,14451,0.727677
8367,8367014,14579,0.734122
8368,8368011,14531,0.731705
8369,8369008,14371,0.723648
8370,8370014,14099,0.709952
8371,8371010,13843,0.697061
8372,8372014,13731,0.691421
8373,8373011,13763,0.693033
8374,8374015,13939,0.701895
8375,8375011,14195,0.714786
8376,8376015,14451,0.727677
8377,8377011,14563,0.733317
8378,8378008,14531,0.731705
8379,8379012,14355,0.722843
8380,8380008,14099,0.709952
8381,8381012,13859,0.697867
8382,8382008,13715,0.690616
8383,8383012,13763,0.693033
8384,8384009,13923,0.701090
8385,8385014,14211,0.715592
8386,8386012,14435,0.726871
8387,8387009,14563,0.733317
8388,8388012,14531,0.731705
8389,8389009,14355,0.722843
8390,8390013,14099,0.709952
8391,8391009,13859,0.697867
8392,8392013,13731,0.691421
8393,8393011,13763,0.693033
8394,8394009,13907,0.700284
8395,8395012,14195,0.714786
8396,8396009,14435,0.726871
8397,8397013,14579,0.734122
8398,8398009,14547,0.732511
8399,8399013,14387,0.724454
8400,8400010,14083,0.709146
8401,8401014,13843,0.697061
8402,8402012,13715,0.690616
8403,8403009,13747,0.692227
8404,8404013,13875,0.698672
8405,8405009,14163,0.713175
8406,8406013,14451,0.727677
8407,8407010,14563,0.733317
8408,8408013,14547,0.732511
8409,8409013,14355,0.722843
8410,8410011,14099,0.709952
8411,8411015,13859,0.697867
8412,8412011,13715,0.690616
8413,8413015,13747,0.692227
8414,8414011,13907,0.700284
8415,8415008,14195,0.714786
8416,8416012,14451,0.727677
8417,8417023,14563,0.733317
8418,8418016,14531,0.731705
8419,8419013,14371,0.723648
8420,8420010,14099,0.709952
8421,8421014,13843,0.697061
8422,8422010,13731,0.691421
8423,8423014,13763,0.693033
8424,8424011,13923,0.701090
8425,8425008,14195,0.714786
8426,8426013,14435,0.726871
8427,8427009,14563,0.733317
8428,8428013,14547,0.732511
8429,8429010,14355,0.722843
8430,8430013,14099,0.709952
8431,8431010,13843,0.697061
8432,8432014,13715,0.690616
8433,8433013,13747,0.692227
8434,8434011,13955,0.702701
8435,8435015,14211,0.715592
8436,8436012,14435,0.726871
8437,8437008,14579,0.734122
8438,8438012,14547,0.732511
8439,8439009,14355,0.722843
8440,8440012,14099,0.709952
8441,8441012,13843,0.697061
8442,8442011,13731,0.691421
8443,8443015,13763,0.693033
8444,8444011,13939,0.701895
8445,8445015,14211,0.715592
8446,8446012,14435,0.726871
8447,8447008,14563,0.733317
8448,8448012,14547,0.732511
8449,8449011,14371,0.723648
8450,8450009,14083,0.709146
8451,8451013,13859,0.697867
8452,8452010,13715,0.690616
8453,8453014,13763,0.693033
8454,8454010,13939,0.701895
8455,8455014,14211,0.715592
8456,8456011,14435,0.726871
8457,8457011,14579,0.734122
8458,8458011,14547,0.732511
8459,8459008,14355,0.722843
8460,8460012,14083,0.709146
8461,8461008,13843,0.697061
8462,8462012,13731,0.691421
8463,8463009,13763,0.693033
8464,8464013,13939,0.701895
8465,8465013,14211,0.715592
8466,8466011,14451,0.727677
8467,8467015,14579,0.734122
8468,8468011,14547,0.732511
8469,8469008,14355,0.722843
8470,8470012,14099,0.709952
8471,8471008,13843,0.697061
8472,8472012,13731,0.691421
8473,8473012,13747,0.692227
8474,8474009,13939,0.701895
8475,8475013,14211,0.715592
8476,8476010,14451,0.727677
8477,8477013,14579,0.734122
8478,8478010,14531,0.731705
8479,8479014,14371,0.723648
8480,8480010,14099,0.709952
8481,8481009,13859,0.697867
8482,8482009,13715,0.690616
8483,8483013,13763,0.693033
8484,8484009,13939,0.701895
8485,8485013,14211,0.715592
8486,8486010,14451,0.727677
8487,8487013,14579,0.734122
8488,8488010,14531,0.731705
8489,8489010,14355,0.722843
8490,8490009,14083,0.709146
8491,8491013,13859,0.697867
8492,8492010,13715,0.690616
8493,8493013,13763,0.693033
8494,8494010,13923,0.701090
8495,8495014,14211,0.715592
8496,8496010,14435,0.726871
8497,8497011,14579,0.734122
8498,8498009,14531,0.731705
8499,8499013,14371,0.723648
8500,8500009,14099,0.709952
8501,8501013,13843,0.697061
8502,8502009,13731,0.691421
8503,8503013,13763,0.693033
8504,8504010,13939,0.701895
8505,8505011,14211,0.715592
8506,8506009,14451,0.727677
8507,8507012,14579,0.734122
8508,8508009,14547,0.732511
8509,8509013,14339,0.722037
8510,8510009,14051,0.707535
8511,8511013,13859,0.697867
8512,8512010,13715,0.690616
8513,8513011,13731,0.691421
8514,8514009,13923,0.701090
8515,8515014,14195,0.714786
8516,8516011,14435,0.726871
8517,8517015,14563,0.733317
8518,8518011,14547,0.732511
8519,8519015,14371,0.723648
8520,8520012,14099,0.709952
8521,8521013,13843,0.697061
8522,8522011,13715,0.690616
8523,8523014,13747,0.692227
8524,8524011,13939,0.701895
8525,8525015,14211,0.715592
8526,8526011,14451,0.727677
8527,8527015,14579,0.734122
8528,8528012,14547,0.732511
8529,8529014,14355,0.722843
8530,8530011,14083,0.709146
8531,8531014,13843,0.697061
8532,8532011,13715,0.690616
8533,8533015,13747,0.692227
8534,8534011,13923,0.701090
8535,8535015,14195,0.714786
8536,8536012,14435,0.726871
8537,8537015,14579,0.734122
8538,8538012,14531,0.731705
8539,8539008,14339,0.722037
8540,8540012,14099,0.709952
8541,8541008,13843,0.697061
8542,8542012,13731,0.691421
8543,8543009,13747,0.692227
8544,8544013,13923,0.701090
8545,8545010,14179,0.713980
8546,8546011,14451,0.727677
8547,8547008,14579,0.734122
8548,8548012,14531,0.731705
8549,8549008,14339,0.722037
8550,8550012,14083,0.709146
8551,8551009,13843,0.697061
8552,8552012,13731,0.691421
8553,8553008,13747,0.692227
8554,8554012,13939,0.701895
8555,8555009,14195,0.714786
8556,8556013,14435,0.726871
8557,8557009,14579,0.734122
8558,8558013,14547,0.732511
8559,8559009,14355,0.722843
8560,8560013,14099,0.709952
8561,8561009,13843,0.697061
8562,8562014,13731,0.691421
8563,8563010,13747,0.692227
8564,8564014,13939,0.701895
8565,8565011,14179,0.713980
8566,8566015,14451,0.727677
8567,8567011,14579,0.734122
8568,8568015,14531,0.731705
8569,8569011,14339,0.722037
8570,8570009,14099,0.709952
8571,8571013,13859,0.697867
8572,8572009,13715,0.690616
8573,8573013,13763,0.693033
8574,8574010,13955,0.702701
8575,8575013,14211,0.715592
8576,8576010,14435,0.726871
8577,8577014,14579,0.734122
8578,8578012,14547,0.732511
8579,8579008,14355,0.722843
8580,8580012,14099,0.709952
8581,8581009,13859,0.697867
8582,8582013,13731,0.691421
8583,8583009,13747,0.692227
8584,8584013,13939,0.701895
8585,8585009,14195,0.714786
8586,8586014,14451,0.727677
8587,8587011,14563,0.733317
8588,8588014,14531,0.731705
8589,8589011,14355,0.722843
8590,8590015,14083,0.709146
8591,8591011,13843,0.697061
8592,8592008,13715,0.690616
8593,8593012,13747,0.692227
8594,8594009,13923,0.701090
8595,8595013,14211,0.715592
8596,8596009,14451,0.727677
8597,8597013,14579,0.734122
8598,8598010,14531,0.731705
8599,8599013,14355,0.722843
8600,8600010,14083,0.709146
8601,8601015,13843,0.697061
8602,8602014,13715,0.690616
8603,8603011,13747,0.692227
8604,8604015,13939,0.701895
8605,8605012,14195,0.714786
8606,8606008,14451,0.727677
8607,8607012,14579,0.734122
8608,8608008,14547,0.732511
8609,8609011,14355,0.722843
8610,8610012,14099,0.709952
8611,8611009,13843,0.697061
8612,8612013,13699,0.689810
8613,8613009,13731,0.691421
8614,8614013,13939,0.701895
8615,8615010,14195,0.714786
8616,8616013,14467,0.728482
8617,8617012,14563,0.733317
8618,8618009,14547,0.732511
8619,8619013,14371,0.723648
8620,8620009,14083,0.709146
8621,8621013,13859,0.697867
8622,8622010,13731,0.691421
8623,8623013,13763,0.693033
8624,8624010,13955,0.702701
8625,8625015,14211,0.715592
8626,8626011,14451,0.727677
8627,8627008,14563,0.733317
8628,8628012,14531,0.731705
8629,8629008,14355,0.722843
8630,8630012,14083,0.709146
8631,8631009,13843,0.697061
8632,8632012,13747,0.692227
8633,8633011,13779,0.693838
8634,8634011,13955,0.702701
8635,8635008,14195,0.714786
8636,8636012,14451,0.727677
8637,8637009,14579,0.734122
8638,8638013,14547,0.732511
8639,8639009,14371,0.723648
8640,8640013,14099,0.709952
8641,8641010,13859,0.697867
8642,8642008,13731,0.691421
8643,8643012,13763,0.693033
8644,8644009,13939,0.701895
8645,8645013,14211,0.715592
8646,8646009,14451,0.727677
8647,8647013,14579,0.734122
8648,8648010,14547,0.732511
8649,8649008,14371,0.723648
8650,8650014,14099,0.709952
8651,8651011,13859,0.697867
8652,8652015,13747,0.692227
8653,8653011,13747,0.692227
8654,8654015,13939,0.701895
8655,8655012,14211,0.715592
8656,8656008,14435,0.726871
8657,8657013,14579,0.734122
8658,8658010,14547,0.732511
8659,8659014,14371,0.723648
8660,8660011,14083,0.709146
8661,8661015,13859,0.697867
8662,8662011,13731,0.691421
8663,8663015,13763,0.693033
8664,8664011,13923,0.701090
8665,8665011,14211,0.715592
8666,8666011,14451,0.727677
8667,8667008,14563,0.733317
8668,8668012,14563,0.733317
8669,8669008,14355,0.722843
8670,8670012,14099,0.709952
8671,8671009,13843,0.697061
8672,8672012,13731,0.691421
8673,8673022,13731,0.691421
8674,8674011,13939,0.701895
8675,8675009,14211,0.715592
8676,8676013,14451,0.727677
8677,8677009,14579,0.734122
8678,8678013,14563,0.733317
8679,8679010,14371,0.723648
8680,8680014,14083,0.709146
8681,8681009,13843,0.697061
8682,8682015,13715,0.690616
8683,8683012,13763,0.693033
8684,8684009,13955,0.702701
8685,8685013,14211,0.715592
8686,8686009,14435,0.726871
8687,8687013,14595,0.734928
8688,8688010,14547,0.732511
8689,8689011,14371,0.723648
8690,8690009,14115,0.710758
8691,8691013,13859,0.697867
8692,8692009,13715,0.690616
8693,8693013,13763,0.693033
8694,8694010,13939,0.701895
8695,8695013,14211,0.715592
8696,8696010,14451,0.727677
8697,8697010,14563,0.733317
8698,8698009,14547,0.732511
8699,8699014,14371,0.723648
8700,8700010,14115,0.710758
8701,8701014,13843,0.697061
8702,8702011,13715,0.690616
8703,8703015,13763,0.693033
8704,8704011,13955,0.702701
8705,8705013,14211,0.715592
8706,8706009,14467,0.728482
8707,8707013,14579,0.734122
8708,8708010,14547,0.732511
8709,8709014,14371,0.723648
8710,8710010,14099,0.709952
8711,8711014,13859,0.697867
8712,8712011,13715,0.690616
8713,8713012,13747,0.692227
8714,8714010,13923,0.701090
8715,8715014,14195,0.714786
8716,8716010,14451,0.727677
8717,8717014,14563,0.733317
8718,8718010,14547,0.732511
8719,8719014,14371,0.723648
8720,8720011,14099,0.709952
8721,8721013,13859,0.697867
8722,8722011,13715,0.690616
8723,8723015,13763,0.693033
8724,8724011,13939,0.701895
8725,8725015,14195,0.714786
8726,8726011,14435,0.726871
8727,8727008,14563,0.733317
8728,8728012,14547,0.732511
8729,8729013,14371,0.723648
8730,8730011,14099,0.709952
8731,8731015,13859,0.697867
8732,8732011,13715,0.690616
8733,8733015,13747,0.692227
8734,8734011,13939,0.701895
8735,8735008,14211,0.715592
8736,8736012,14451,0.727677
8737,8737011,14579,0.734122
8738,8738012,14531,0.731705
8739,8739008,14355,0.722843
8740,8740012,14115,0.710758
8741,8741009,13843,0.697061
8742,8742013,13731,0.691421
8743,8743009,13747,0.692227
8744,8744013,13955,0.702701
8745,8745009,14195,0.714786
8746,8746014,14451,0.727677
8747,8747010,14579,0.734122
8748,8748014,14547,0.732511
8749,8749011,14355,0.722843
8750,8750015,14083,0.709146
8751,8751011,13843,0.697061
8752,8752015,13715,0.690616
8753,8753009,13763,0.693033
8754,8754013,13923,0.701090
8755,8755010,14211,0.715592
8756,8756013,14467,0.728482
8757,8757010,14563,0.733317
8758,8758014,14547,0.732511
8759,8759010,14371,0.723648
8760,8760014,14083,0.709146
8761,8761009,13843,0.697061
8762,8762014,13715,0.690616
8763,8763011,13747,0.692227
8764,8764015,13939,0.701895
8765,8765011,14195,0.714786
8766,8766015,14435,0.726871
8767,8767012,14563,0.733317
8768,8768008,14531,0.731705
8769,8769012,14355,0.722843
8770,8770011,14099,0.709952
8771,8771014,13843,0.697061
8772,8772011,13715,0.690616
8773,8773015,13747,0.692227
8774,8774011,13923,0.701090
8775,8775008,14211,0.715592
8776,8776012,14435,0.726871
8777,8777008,14579,0.734122
8778,8778014,14531,0.731705
8779,8779011,14355,0.722843
8780,8780015,14083,0.709146
8781,8781011,13843,0.697061
8782,8782008,13715,0.690616
8783,8783012,13747,0.692227
8784,8784008,13907,0.700284
8785,8785011,14195,0.714786
8786,8786015,14435,0.726871
8787,8787011,14563,0.733317
8788,8788008,14531,0.731705
8789,8789012,14355,0.722843
8790,8790008,14099,0.709952
8791,8791012,13843,0.697061
8792,8792009,13715,0.690616
8793,8793011,13763,0.693033
8794,8794009,13939,0.701895
8795,8795014,14195,0.714786
8796,8796011,14451,0.727677
8797,8797015,14579,0.734122
8798,8798011,14531,0.731705
8799,8799015,14355,0.722843
8800,8800012,14083,0.709146
8801,8801011,13843,0.697061
8802,8802009,13715,0.690616
8803,8803012,13747,0.692227
8804,8804009,13923,0.701090
8805,8805013,14195,0.714786
8806,8806009,14435,0.726871
8807,8807013,14579,0.734122
8808,8808010,14547,0.732511
8809,8809014,14355,0.722843
8810,8810013,14083,0.709146
8811,8811009,13859,0.697867
8812,8812013,13731,0.691421
8813,8813010,13747,0.692227
8814,8814014,13939,0.701895
8815,8815010,14163,0.713175
8816,8816014,14419,0.726065
8817,8817010,14563,0.733317
8818,8818008,14547,0.732511
8819,8819012,14355,0.722843
8820,8820009,14083,0.709146
8821,8821012,13859,0.697867
8822,8822009,13715,0.690616
8823,8823013,13747,0.692227
8824,8824009,13923,0.701090
8825,8825014,14195,0.714786
8826,8826011,14435,0.726871
8827,8827015,14579,0.734122
8828,8828011,14547,0.732511
8829,8829015,14355,0.722843
8830,8830012,14083,0.709146
8831,8831008,13843,0.697061
8832,8832012,13731,0.691421
8833,8833009,13747,0.692227
8834,8834013,13939,0.701895
8835,8835010,14195,0.714786
8836,8836014,14435,0.726871
8837,8837010,14579,0.734122
8838,8838014,14547,0.732511
8839,8839010,14355,0.722843
8840,8840014,14099,0.709952
8841,8841012,13843,0.697061
8842,8842010,13715,0.690616
8843,8843014,13763,0.693033
8844,8844010,13923,0.701090
8845,8845014,14195,0.714786
8846,8846010,14435,0.726871
8847,8847014,14579,0.734122
8848,8848011,14547,0.732511
8849,8849015,14355,0.722843
8850,8850012,14083,0.709146
8851,8851009,13843,0.697061
8852,8852013,13731,0.691421
8853,8853009,13747,0.692227
8854,8854013,13923,0.701090
8855,8855010,14211,0.715592
8856,8856013,14451,0.727677
8857,8857012,14563,0.733317
8858,8858009,14547,0.732511
8859,8859013,14339,0.722037
8860,8860010,14099,0.709952
8861,8861013,13859,0.697867
8862,8862010,13731,0.691421
8863,8863014,13763,0.693033
8864,8864010,13939,0.701895
8865,8865012,14195,0.714786
8866,8866010,14451,0.727677
8867,8867014,14579,0.734122
8868,8868010,14547,0.732511
8869,8869014,14355,0.722843
8870,8870011,14083,0.709146
8871,8871014,13859,0.697867
8872,8872011,13731,0.691421
8873,8873009,13763,0.693033
8874,8874014,13939,0.701895
8875,8875010,14195,0.714786
8876,8876014,14451,0.727677
8877,8877011,14563,0.733317
8878,8878014,14531,0.731705
8879,8879011,14355,0.722843
8880,8880015,14083,0.709146
8881,8881014,13843,0.697061
8882,8882010,13715,0.690616
8883,8883014,13747,0.692227
8884,8884011,13923,0.701090
8885,8885015,14195,0.714786
8886,8886011,14451,0.727677
8887,8887015,14579,0.734122
8888,8888011,14531,0.731705
8889,8889011,14371,0.723648
8890,8890008,14083,0.709146
8891,8891012,13843,0.697061
8892,8892009,13699,0.689810
8893,8893013,13763,0.693033
8894,8894009,13923,0.701090
8895,8895013,14179,0.713980
8896,8896009,14435,0.726871
8897,8897009,14547,0.732511
8898,8898013,14499,0.730094
8899,8899010,14179,0.713980
8900,8900014,14083,0.709146
8901,8901010,13843,0.697061
8902,8902014,13699,0.689810
8903,8903010,13747,0.692227
8904,8904014,13907,0.700284
8905,8905014,14147,0.712369
8906,8906014,14419,0.726065
8907,8907011,14531,0.731705
8908,8908015,14499,0.730094
8909,8909011,14307,0.720426
8910,8910015,14067,0.708341
8911,8911012,13827,0.696255
8912,8912008,13715,0.690616
8913,8913008,13747,0.692227
8914,8914014,13923,0.701090
8915,8915011,14179,0.713980
8916,8916015,14435,0.726871
8917,8917011,14531,0.731705
8918,8918015,14515,0.730900
8919,8919011,14355,0.722843
8920,8920008,14067,0.708341
8921,8921008,13843,0.697061
8922,8922012,13715,0.690616
8923,8923009,13747,0.692227
8924,8924013,13939,0.701895
8925,8925009,14179,0.713980
8926,8926013,14451,0.727677
8927,8927010,14563,0.733317
8928,8928013,14547,0.732511
8929,8929187,14307,0.720426
8930,8930016,14083,0.709146
8931,8931013,13843,0.697061
8932,8932010,13715,0.690616
8933,8933014,13747,0.692227
8934,8934010,13923,0.701090
8935,8935014,14211,0.715592
8936,8936010,14435,0.726871
8937,8937008,14563,0.733317
8938,8938013,14547,0.732511
8939,8939010,14355,0.722843
8940,8940014,14083,0.709146
8941,8941010,13843,0.697061
8942,8942014,13715,0.690616
8943,8943010,13747,0.692227
8944,8944014,13923,0.701090
8945,8945015,14195,0.714786
8946,8946012,14419,0.726065
8947,8947008,14563,0.733317
8948,8948012,14531,0.731705
8949,8949009,14339,0.722037
8950,8950012,14083,0.709146
8951,8951009,13843,0.697061
8952,8952013,13731,0.691421
8953,8953014,13747,0.692227
8954,8954013,13923,0.701090
8955,8955010,14195,0.714786
8956,8956014,14435,0.726871
8957,8957010,14579,0.734122
8958,8958014,14547,0.732511
8959,8959010,14355,0.722843
8960,8960014,14083,0.709146
8961,8961008,13843,0.697061
8962,8962013,13731,0.691421
8963,8963009,13747,0.692227
8964,8964013,13923,0.701090
8965,8965010,14179,0.713980
8966,8966013,14451,0.727677
8967,8967010,14563,0.733317
8968,8968014,14547,0.732511
8969,8969008,14355,0.722843
8970,8970014,14083,0.709146
8971,8971011,13843,0.697061
8972,8972014,13715,0.690616
8973,8973011,13747,0.692227
8974,8974015,13923,0.701090
8975,8975011,14195,0.714786
8976,8976015,14435,0.726871
8977,8977009,14563,0.733317
8978,8978014,14531,0.731705
8979,8979010,14355,0.722843
8980,8980014,14083,0.709146
8981,8981011,13843,0.697061
8982,8982015,13715,0.690616
8983,8983011,13747,0.692227
8984,8984015,13923,0.701090
8985,8985009,14179,0.713980
8986,8986014,14419,0.726065
8987,8987010,14563,0.733317
8988,8988014,14531,0.731705
8989,8989011,14355,0.722843
8990,8990014,14083,0.709146
8991,8991011,13843,0.697061
8992,8992015,13715,0.690616
8993,8993009,13747,0.692227
8994,8994008,13939,0.701895
8995,8995012,14195,0.714786
8996,8996009,14435,0.726871
8997,8997012,14579,0.734122
8998,8998009,14515,0.730900
8999,8999013,14323,0.721231
9000,9000009,14067,0.708341
9001,9001012,13811,0.695450
9002,9002008,13699,0.689810
9003,9003012,13731,0.691421
9004,9004009,13907,0.700284
9005,9005013,14163,0.713175
9006,9006009,14403,0.725260
9007,9007013,14547,0.732511
9008,9008009,14531,0.731705
9009,9009013,14339,0.722037
9010,9010010,14035,0.706729
9011,9011014,13827,0.696255
9012,9012011,13715,0.690616
9013,9013014,13731,0.691421
9014,9014011,13923,0.701090
9015,9015015,14163,0.713175
9016,9016011,14387,0.724454
9017,9017014,14547,0.732511
9018,9018012,14531,0.731705
9019,9019009,14339,0.722037
9020,9020013,14067,0.708341
9021,9021009,13827,0.696255
9022,9022013,13715,0.690616
9023,9023010,13731,0.691421
9024,9024013,13923,0.701090
9025,9025009,14179,0.713980
9026,9026009,14435,0.726871
9027,9027012,14563,0.733317
9028,9028009,14531,0.731705
9029,9029013,14355,0.722843
9030,9030009,14083,0.709146
9031,9031013,13843,0.697061
9032,9032010,13715,0.690616
9033,9033013,13747,0.692227
9034,9034012,13923,0.701090
9035,9035009,14179,0.713980
9036,9036012,14435,0.726871
9037,9037009,14563,0.733317
9038,9038013,14547,0.732511
9039,9039009,14339,0.722037
9040,9040013,14083,0.709146
9041,9041011,13843,0.697061
9042,9042009,13731,0.691421
9043,9043013,13747,0.692227
9044,9044009,13923,0.701090
9045,9045013,14195,0.714786
9046,9046009,14435,0.726871
9047,9047013,14579,0.734122
9048,9048010,14531,0.731705
9049,9049013,14339,0.722037
9050,9050011,14083,0.709146
9051,9051009,13843,0.697061
9052,9052014,13715,0.690616
9053,9053010,13747,0.692227
9054,9054014,13939,0.701895
9055,9055011,14195,0.714786
9056,9056015,14451,0.727677
9057,9057009,14579,0.734122
9058,9058015,14547,0.732511
9059,9059012,14355,0.722843
9060,9060008,14083,0.709146
9061,9061012,13843,0.697061
9062,9062009,13715,0.690616
9063,9063013,13763,0.693033
9064,9064009,13923,0.701090
9065,9065008,14195,0.714786
9066,9066013,14451,0.727677
9067,9067009,14579,0.734122
9068,9068013,14547,0.732511
9069,9069010,14355,0.722843
9070,9070013,14083,0.709146
9071,9071010,13843,0.697061
9072,9072014,13715,0.690616
9073,9073011,13747,0.692227
9074,9074008,13939,0.701895
9075,9075012,14195,0.714786
9076,9076009,14451,0.727677
9077,9077012,14563,0.733317
9078,9078009,14547,0.732511
9079,9079013,14355,0.722843
9080,9080009,14083,0.709146
9081,9081014,13843,0.697061
9082,9082011,13715,0.690616
9083,9083008,13747,0.692227
9084,9084012,13923,0.701090
9085,9085008,14179,0.713980
9086,9086012,14451,0.727677
9087,9087009,14579,0.734122
9088,9088012,14563,0.733317
9089,9089010,14355,0.722843
9090,9090014,14099,0.709952
9091,9091011,13843,0.697061
9092,9092015,13731,0.691421
9093,9093011,13731,0.691421
9094,9094008,13923,0.701090
9095,9095012,14195,0.714786
9096,9096008,14451,0.727677
9097,9097015,14579,0.734122
9098,9098013,14531,0.731705
9099,9099010,14355,0.722843
9100,9100014,14099,0.709952
9101,9101010,13843,0.697061
9102,9102014,13715,0.690616
9103,9103011,13747,0.692227
9104,9104014,13939,0.701895
9105,9105013,14195,0.714786
9106,9106013,14435,0.726871
9107,9107010,14563,0.733317
9108,9108014,14547,0.732511
9109,9109010,14355,0.722843
9110,9110014,14099,0.709952
9111,9111011,13843,0.697061
9112,9112015,13731,0.691421
9113,9113013,13763,0.693033
9114,9114011,13939,0.701895
9115,9115015,14211,0.715592
9116,9116011,14435,0.726871
9117,9117015,14563,0.733317
9118,9118012,14547,0.732511
9119,9119008,14355,0.722843
9120,9120012,14083,0.709146
9121,9121010,13827,0.696255
9122,9122009,13699,0.689810
9123,9123013,13747,0.692227
9124,9124010,13923,0.701090
9125,9125014,14195,0.714786
9126,9126010,14435,0.726871
9127,9127014,14563,0.733317
9128,9128011,14531,0.731705
9129,9129011,14339,0.722037
9130,9130009,14083,0.709146
9131,9131013,13811,0.695450
9132,9132010,13715,0.690616
9133,9133013,13731,0.691421
9134,9134010,13923,0.701090
9135,9135014,14195,0.714786
9136,9136010,14435,0.726871
9137,9137010,14579,0.734122
9138,9138015,14531,0.731705
9139,9139011,14355,0.722843
9140,9140015,14099,0.709952
9141,9141012,13843,0.697061
9142,9142008,13715,0.690616
9143,9143012,13747,0.692227
9144,9144008,13923,0.701090
9145,9145008,14211,0.715592
9146,9146014,14435,0.726871
9147,9147010,14563,0.733317
9148,9148014,14547,0.732511
9149,9149011,14355,0.722843
9150,9150014,14099,0.709952
9151,9151011,13843,0.697061
9152,9152015,13715,0.690616
9153,9153015,13747,0.692227
9154,9154011,13923,0.701090
9155,9155008,14179,0.713980
9156,9156012,14435,0.726871
9157,9157008,14579,0.734122
9158,9158012,14547,0.732511
9159,9159009,14339,0.722037
9160,9160012,14099,0.709952
9161,9161014,13843,0.697061
9162,9162013,13731,0.691421
9163,9163009,13763,0.693033
9164,9164013,13939,0.701895
9165,9165010,14179,0.713980
9166,9166013,14435,0.726871
9167,9167010,14563,0.733317
9168,9168014,14531,0.731705
9169,9169008,14355,0.722843
9170,9170013,14083,0.709146
9171,9171010,13843,0.697061
9172,9172014,13715,0.690616
9173,9173010,13747,0.692227
9174,9174014,13939,0.701895
9175,9175010,14179,0.713980
9176,9176014,14435,0.726871
9177,9177009,14579,0.734122
9178,9178014,14531,0.731705
9179,9179011,14355,0.722843
9180,9180015,14083,0.709146
9181,9181011,13843,0.697061
9182,9182015,13715,0.690616
9183,9183012,13747,0.692227
9184,9184008,13923,0.701090
9185,9185018,14195,0.714786
9186,9186014,14451,0.727677
9187,9187010,14579,0.734122
9188,9188014,14531,0.731705
9189,9189011,14339,0.722037
9190,9190015,14083,0.709146
9191,9191011,13843,0.697061
9192,9192015,13715,0.690616
9193,9193011,13747,0.692227
9194,9194010,13923,0.701090
9195,9195014,14195,0.714786
9196,9196010,14435,0.726871
9197,9197014,14579,0.734122
9198,9198011,14531,0.731705
9199,9199015,14355,0.722843
9200,9200011,14083,0.709146
9201,9201013,13843,0.697061
9202,9202010,13715,0.690616
9203,9203014,13747,0.692227
9204,9204010,13939,0.701895
9205,9205014,14195,0.714786
9206,9206011,14435,0.726871
9207,9207014,14579,0.734122
9208,9208011,14547,0.732511
9209,9209013,14355,0.722843
9210,9210012,14083,0.709146
9211,9211009,13843,0.697061
9212,9212012,13731,0.691421
9213,9213009,13747,0.692227
9214,9214013,13923,0.701090
9215,9215009,14163,0.713175
9216,9216013,14451,0.727677
9217,9217015,14563,0.733317
9218,9218013,14531,0.731705
9219,9219009,14355,0.722843
9220,9220013,14083,0.709146
9221,9221010,13843,0.697061
9222,9222014,13731,0.691421
9223,9223010,13763,0.693033
9224,9224014,13923,0.701090
9225,9225009,14163,0.713175
9226,9226015,14435,0.726871
9227,9227011,14563,0.733317
9228,9228015,14531,0.731705
9229,9229012,14339,0.722037
9230,9230008,14067,0.708341
9231,9231012,13843,0.697061
9232,9232008,13715,0.690616
9233,9233011,13747,0.692227
9234,9234010,13923,0.701090
9235,9235014,14211,0.715592
9236,9236010,14435,0.726871
9237,9237014,14579,0.734122
9238,9238011,14547,0.732511
9239,9239014,14355,0.722843
9240,9240011,14083,0.709146
9241,9241014,13843,0.697061
9242,9242012,13715,0.690616
9243,9243009,13763,0.693033
9244,9244012,13939,0.701895
9245,9245009,14195,0.714786
9246,9246013,14435,0.726871
9247,9247009,14563,0.733317
9248,9248013,14531,0.731705
9249,9249017,14339,0.722037
9250,9250010,14083,0.709146
9251,9251014,13843,0.697061
9252,9252011,13715,0.690616
9253,9253015,13763,0.693033
9254,9254011,13939,0.701895
9255,9255015,14211,0.715592
9256,9256011,14451,0.727677
9257,9257008,14579,0.734122
9258,9258013,14531,0.731705
9259,9259010,14355,0.722843
9260,9260014,14099,0.709952
9261,9261011,13843,0.697061
9262,9262014,13731,0.691421
9263,9263011,13763,0.693033
9264,9264015,13955,0.702701
9265,9265011,14195,0.714786
9266,9266015,14435,0.726871
9267,9267011,14563,0.733317
9268,9268008,14547,0.732511
9269,9269012,14355,0.722843
9270,9270008,14099,0.709952
9271,9271012,13875,0.698672
9272,9272009,13715,0.690616
9273,9273013,13747,0.692227
9274,9274010,13939,0.701895
9275,9275014,14211,0.715592
9276,9276010,14451,0.727677
9277,9277014,14579,0.734122
9278,9278011,14547,0.732511
9279,9279014,14355,0.722843
9280,9280011,14067,0.708341
9281,9281015,13859,0.697867
9282,9282012,13715,0.690616
9283,9283008,13747,0.692227
9284,9284012,13955,0.702701
9285,9285008,14195,0.714786
9286,9286012,14435,0.726871
9287,9287009,14563,0.733317
9288,9288013,14547,0.732511
9289,9289008,14371,0.723648
9290,9290013,14099,0.709952
9291,9291009,13843,0.697061
9292,9292013,13715,0.690616
9293,9293010,13763,0.693033
9294,9294014,13939,0.701895
9295,9295010,14195,0.714786
9296,9296014,14435,0.726871
9297,9297012,14563,0.733317
9298,9298010,14531,0.731705
9299,9299014,14355,0.722843
9300,9300010,14083,0.709146
9301,9301014,13843,0.697061
9302,9302011,13731,0.691421
9303,9303015,13763,0.693033
9304,9304011,13939,0.701895
9305,9305009,14195,0.714786
9306,9306014,14451,0.727677
9307,9307011,14579,0.734122
9308,9308014,14547,0.732511
9309,9309011,14355,0.722843
9310,9310015,14099,0.709952
9311,9311011,13843,0.697061
9312,9312015,13715,0.690616
9313,9313014,13747,0.692227
9314,9314015,13923,0.701090
9315,9315011,14195,0.714786
9316,9316008,14435,0.726871
9317,9317012,14563,0.733317
9318,9318008,14531,0.731705
9319,9319012,14371,0.723648
9320,9320009,14083,0.709146
9321,9321009,13843,0.697061
9322,9322008,13731,0.691421
9323,9323012,13763,0.693033
9324,9324009,13923,0.701090
9325,9325013,14195,0.714786
9326,9326009,14419,0.726065
9327,9327013,14547,0.732511
9328,9328009,14531,0.731705
9329,9329008,14355,0.722843
9330,9330013,14067,0.708341
9331,9331010,13827,0.696255
9332,9332013,13731,0.691421
9333,9333010,13747,0.692227
9334,9334014,13923,0.701090
9335,9335010,14195,0.714786
9336,9336014,14435,0.726871
9337,9337014,14547,0.732511
9338,9338011,14531,0.731705
9339,9339015,14355,0.722843
9340,9340011,14067,0.708341
9341,9341015,13843,0.697061
9342,9342011,13715,0.690616
9343,9343008,13747,0.692227
9344,9344012,13939,0.701895
9345,9345011,14195,0.714786
9346,9346009,14435,0.726871
9347,9347013,14579,0.734122
9348,9348009,14531,0.731705
9349,9349013,14355,0.722843
9350,9350010,14099,0.709952
9351,9351013,13843,0.697061
9352,9352010,13715,0.690616
9353,9353009,13763,0.693033
9354,9354015,13923,0.701090
9355,9355012,14195,0.714786
9356,9356008,14435,0.726871
9357,9357012,14563,0.733317
9358,9358009,14531,0.731705
9359,9359012,14355,0.722843
9360,9360009,14099,0.709952
9361,9361009,13843,0.697061
9362,9362013,13715,0.690616
9363,9363010,13747,0.692227
9364,9364013,13939,0.701895
9365,9365010,14179,0.713980
9366,9366014,14451,0.727677
9367,9367010,14563,0.733317
9368,9368014,14531,0.731705
9369,9369014,14355,0.722843
9370,9370011,14099,0.709952
9371,9371015,13843,0.697061
9372,9372012,13715,0.690616
9373,9373008,13747,0.692227
9374,9374012,13923,0.701090
9375,9375009,14179,0.713980
9376,9376012,14451,0.727677
9377,9377010,14563,0.733317
9378,9378008,14531,0.731705
9379,9379012,14371,0.723648
9380,9380008,14083,0.709146
9381,9381012,13843,0.697061
9382,9382009,13715,0.690616
9383,9383012,13747,0.692227
9384,9384009,13923,0.701090
9385,9385008,14195,0.714786
9386,9386014,14435,0.726871
9387,9387011,14563,0.733317
9388,9388015,14547,0.732511
9389,9389011,14355,0.722843
9390,9390015,14083,0.709146
9391,9391011,13843,0.697061
9392,9392008,13715,0.690616
9393,9393009,13747,0.692227
9394,9394008,13923,0.701090
9395,9395012,14195,0.714786
9396,9396008,14435,0.726871
9397,9397012,14563,0.733317
9398,9398009,14547,0.732511
9399,9399012,14371,0.723648
9400,9400009,14083,0.709146
9401,9401010,13843,0.697061
9402,9402015,13715,0.690616
9403,9403011,13731,0.691421
9404,9404015,13923,0.701090
9405,9405012,14179,0.713980
9406,9406008,14451,0.727677
9407,9407012,14579,0.734122
9408,9408008,14515,0.730900
9409,9409010,14339,0.722037
9410,9410014,14083,0.709146
9411,9411011,13843,0.697061
9412,9412015,13699,0.689810
9413,9413011,13747,0.692227
9414,9414015,13939,0.701895
9415,9415011,14179,0.713980
9416,9416008,14435,0.726871
9417,9417009,14579,0.734122
9418,9418013,14531,0.731705
9419,9419010,14355,0.722843
9420,9420014,14083,0.709146
9421,9421010,13827,0.696255
9422,9422014,13715,0.690616
9423,9423010,13747,0.692227
9424,9424014,13939,0.701895
9425,9425008,14195,0.714786
9426,9426014,14435,0.726871
9427,9427011,14579,0.734122
9428,9428015,14531,0.731705
9429,9429011,14307,0.720426
9430,9430015,14067,0.708341
9431,9431012,13827,0.696255
9432,9432008,13715,0.690616
9433,9433009,13747,0.692227
9434,9434008,13939,0.701895
9435,9435012,14195,0.714786
9436,9436008,14435,0.726871
9437,9437012,14579,0.734122
9438,9438009,14531,0.731705
9439,9439012,14355,0.722843
9440,9440009,14083,0.709146
9441,9441023,13827,0.696255
9442,9442014,13715,0.690616
9443,9443011,13747,0.692227
9444,9444015,13939,0.701895
9445,9445011,14179,0.713980
9446,9446008,14435,0.726871
9447,9447012,14563,0.733317
9448,9448008,14531,0.731705
9449,9449014,14355,0.722843
9450,9450012,14083,0.709146
9451,9451008,13843,0.697061
9452,9452012,13715,0.690616
9453,9453009,13747,0.692227
9454,9454012,13939,0.701895
9455,9455009,14179,0.713980
9456,9456013,14435,0.726871
9457,9457009,14563,0.733317
9458,9458009,14531,0.731705
9459,9459013,14371,0.723648
9460,9460009,14083,0.709146
9461,9461013,13859,0.697867
9462,9462010,13715,0.690616
9463,9463014,13763,0.693033
9464,9464010,13939,0.701895
9465,9465013,14195,0.714786
9466,9466011,14451,0.727677
9467,9467015,14563,0.733317
9468,9468012,14547,0.732511
9469,9469008,14339,0.722037
9470,9470012,14083,0.709146
9471,9471008,13843,0.697061
9472,9472012,13715,0.690616
9473,9473014,13747,0.692227
9474,9474012,13923,0.701090
9475,9475009,14195,0.714786
9476,9476013,14451,0.727677
9477,9477009,14579,0.734122
9478,9478013,14547,0.732511
9479,9479010,14355,0.722843
9480,9480013,14099,0.709952
9481,9481010,13843,0.697061
9482,9482009,13731,0.691421
9483,9483013,13763,0.693033
9484,9484009,13939,0.701895
9485,9485013,14195,0.714786
9486,9486009,14451,0.727677
9487,9487013,14579,0.734122
9488,9488010,14531,0.731705
9489,9489014,14355,0.722843
9490,9490013,14083,0.709146
9491,9491010,13843,0.697061
9492,9492014,13715,0.690616
9493,9493010,13747,0.692227
9494,9494014,13923,0.701090
9495,9495010,14195,0.714786
9496,9496014,14435,0.726871
9497,9497011,14579,0.734122
9498,9498009,14547,0.732511
9499,9499013,14355,0.722843
9500,9500009,14083,0.709146
9501,9501013,13843,0.697061
9502,9502010,13715,0.690616
9503,9503014,13763,0.693033
9504,9504010,13939,0.701895
9505,9505017,14195,0.714786
9506,9506009,14467,0.728482
9507,9507013,14563,0.733317
9508,9508009,14547,0.732511
9509,9509013,14355,0.722843
9510,9510010,14099,0.709952
9511,9511013,13843,0.697061
9512,9512010,13715,0.690616
9513,9513009,13747,0.692227
9514,9514013,13923,0.701090
9515,9515010,14195,0.714786
9516,9516013,14451,0.727677
9517,9517010,14563,0.733317
9518,9518014,14547,0.732511
9519,9519010,14355,0.722843
9520,9520014,14083,0.709146
9521,9521012,13843,0.697061
9522,9522009,13731,0.691421
9523,9523013,13747,0.692227
9524,9524010,13939,0.701895
9525,9525014,14195,0.714786
9526,9526010,14451,0.727677
9527,9527014,14563,0.733317
9528,9528011,14531,0.731705
9529,9529009,14355,0.722843
9530,9530015,14083,0.709146
9531,9531011,13859,0.697867
9532,9532015,13699,0.689810
9533,9533012,13731,0.691421
9534,9534008,13907,0.700284
9535,9535012,14195,0.714786
9536,9536008,14435,0.726871
9537,9537014,14579,0.734122
9538,9538011,14531,0.731705
9539,9539015,14355,0.722843
9540,9540011,14083,0.709146
9541,9541015,13843,0.697061
9542,9542011,13715,0.690616
9543,9543008,13763,0.693033
9544,9544012,13939,0.701895
9545,9545010,14195,0.714786
9546,9546014,14435,0.726871
9547,9547010,14563,0.733317
9548,9548014,14547,0.732511
9549,9549011,14371,0.723648
9550,9550015,14083,0.709146
9551,9551011,13843,0.697061
9552,9552015,13715,0.690616
9553,9553014,13763,0.693033
9554,9554012,13923,0.701090
9555,9555009,14195,0.714786
9556,9556012,14451,0.727677
9557,9557009,14563,0.733317
9558,9558013,14547,0.732511
9559,9559009,14355,0.722843
9560,9560013,14083,0.709146
9561,9561012,13859,0.697867
9562,9562010,13715,0.690616
9563,9563015,13747,0.692227
9564,9564012,13923,0.701090
9565,9565008,14195,0.714786
9566,9566012,14435,0.726871
9567,9567009,14563,0.733317
9568,9568012,14531,0.731705
9569,9569013,14355,0.722843
9570,9570014,14083,0.709146
9571,9571011,13843,0.697061
9572,9572015,13699,0.689810
9573,9573012,13747,0.692227
9574,9574008,13923,0.701090
9575,9575012,14179,0.713980
9576,9576009,14435,0.726871
9577,9577009,14563,0.733317
9578,9578014,14547,0.732511
9579,9579011,14355,0.722843
9580,9580014,14083,0.709146
9581,9581011,13827,0.696255
9582,9582015,13715,0.690616
9583,9583011,13747,0.692227
9584,9584008,13939,0.701895
9585,9585015,14179,0.713980
9586,9586012,14435,0.726871
9587,9587009,14547,0.732511
9588,9588013,14547,0.732511
9589,9589009,14355,0.722843
9590,9590013,14083,0.709146
9591,9591009,13827,0.696255
9592,9592013,13731,0.691421
9593,9593013,13763,0.693033
9594,9594010,13939,0.701895
9595,9595014,14179,0.713980
9596,9596011,14451,0.727677
9597,9597015,14563,0.733317
9598,9598011,14531,0.731705
9599,9599015,14355,0.722843
9600,9600012,14083,0.709146
9601,9601012,13843,0.697061
9602,9602011,13715,0.690616
9603,9603008,13747,0.692227
9604,9604012,13923,0.701090
9605,9605008,14179,0.713980
9606,9606012,14435,0.726871
9607,9607009,14563,0.733317
9608,9608012,14531,0.731705
9609,9609013,14355,0.722843
9610,9610011,14083,0.709146
9611,9611015,13859,0.697867
9612,9612011,13699,0.689810
9613,9613008,13747,0.692227
9614,9614012,13923,0.701090
9615,9615008,14179,0.713980
9616,9616012,14451,0.727677
9617,9617013,14579,0.734122
9618,9618010,14531,0.731705
9619,9619014,14355,0.722843
9620,9620011,14083,0.709146
9621,9621014,13843,0.697061
9622,9622011,13731,0.691421
9623,9623015,13763,0.693033
9624,9624011,13923,0.701090
9625,9625012,14195,0.714786
9626,9626008,14451,0.727677
9627,9627012,14579,0.734122
9628,9628008,14547,0.732511
9629,9629012,14355,0.722843
9630,9630009,14083,0.709146
9631,9631013,13859,0.697867
9632,9632009,13715,0.690616
9633,9633014,13731,0.691421
9634,9634015,13907,0.700284
9635,9635011,14179,0.713980
9636,9636008,14419,0.726065
9637,9637012,14547,0.732511
9638,9638008,14531,0.731705
9639,9639012,14355,0.722843
9640,9640009,14067,0.708341
9641,9641010,13843,0.697061
9642,9642015,13715,0.690616
9643,9643012,13763,0.693033
9644,9644008,13923,0.701090
9645,9645012,14179,0.713980
9646,9646009,14435,0.726871
9647,9647012,14579,0.734122
9648,9648009,14547,0.732511
9649,9649010,14371,0.723648
9650,9650009,14099,0.709952
9651,9651013,13843,0.697061
9652,9652009,13715,0.690616
9653,9653013,13747,0.692227
9654,9654010,13923,0.701090
9655,9655014,14179,0.713980
9656,9656010,14435,0.726871
9657,9657011,14563,0.733317
9658,9658009,14547,0.732511
9659,9659013,14355,0.722843
9660,9660010,14083,0.709146
9661,9661014,13843,0.697061
9662,9662010,13731,0.691421
9663,9663014,13747,0.692227
9664,9664010,13923,0.701090
9665,9665012,14163,0.713175
9666,9666010,14435,0.726871
9667,9667014,14563,0.733317
9668,9668010,14547,0.732511
9669,9669014,14371,0.723648
9670,9670010,14083,0.709146
9671,9671014,13843,0.697061
9672,9672011,13715,0.690616
9673,9673013,13763,0.693033
9674,9674010,13939,0.701895
9675,9675014,14195,0.714786
9676,9676010,14435,0.726871
9677,9677014,14579,0.734122
9678,9678011,14531,0.731705
9679,9679015,14355,0.722843
9680,9680011,14083,0.709146
9681,9681014,13859,0.697867
9682,9682010,13715,0.690616
9683,9683014,13747,0.692227
9684,9684011,13955,0.702701
9685,9685015,14195,0.714786
9686,9686011,14435,0.726871
9687,9687015,14579,0.734122
9688,9688011,14547,0.732511
9689,9689015,14355,0.722843
9690,9690012,14099,0.709952
9691,9691009,13843,0.697061
9692,9692012,13715,0.690616
9693,9693009,13747,0.692227
9694,9694013,13923,0.701090
9695,9695009,14195,0.714786
9696,9696013,14435,0.726871
9697,9697107,14387,0.724454
9698,9698012,14547,0.732511
9699,9699010,14371,0.723648
9700,9700015,14099,0.709952
9701,9701011,13859,0.697867
9702,9702015,13731,0.691421
9703,9703011,13779,0.693838
9704,9704008,13939,0.701895
9705,9705010,14195,0.714786
9706,9706015,14451,0.727677
9707,9707011,14579,0.734122
9708,9708015,14547,0.732511
9709,9709011,14355,0.722843
9710,9710008,14099,0.709952
9711,9711012,13859,0.697867
9712,9712008,13715,0.690616
9713,9713014,13763,0.693033
9714,9714012,13923,0.701090
9715,9715009,14195,0.714786
9716,9716012,14435,0.726871
9717,9717009,14579,0.734122
9718,9718013,14547,0.732511
9719,9719009,14355,0.722843
9720,9720013,14083,0.709146
9721,9721011,13843,0.697061
9722,9722010,13731,0.691421
9723,9723013,13747,0.692227
9724,9724010,13939,0.701895
9725,9725014,14211,0.715592
9726,9726010,14435,0.726871
9727,9727014,14563,0.733317
9728,9728011,14531,0.731705
9729,9729015,14355,0.722843
9730,9730012,14083,0.709146
9731,9731008,13827,0.696255
9732,9732012,13715,0.690616
9733,9733009,13747,0.692227
9734,9734013,13939,0.701895
9735,9735009,14195,0.714786
9736,9736013,14419,0.726065
9737,9737009,14547,0.732511
9738,9738015,14531,0.731705
9739,9739012,14355,0.722843
9740,9740008,14083,0.709146
9741,9741012,13843,0.697061
9742,9742009,13715,0.690616
9743,9743012,13747,0.692227
9744,9744009,13923,0.701090
9745,9745013,14211,0.715592
9746,9746012,14435,0.726871
9747,9747008,14579,0.734122
9748,9748012,14547,0.732511
9749,9749009,14355,0.722843
9750,9750013,14099,0.709952
9751,9751009,13843,0.697061
9752,9752013,13731,0.691421
9753,9753011,13747,0.692227
9754,9754009,13923,0.701090
9755,9755013,14211,0.715592
9756,9756009,14451,0.727677
9757,9757013,14579,0.734122
9758,9758010,14547,0.732511
9759,9759013,14355,0.722843
9760,9760010,14099,0.709952
9761,9761010,13843,0.697061
9762,9762008,13731,0.691421
9763,9763012,13763,0.693033
9764,9764008,13923,0.701090
9765,9765012,14211,0.715592
9766,9766009,14435,0.726871
9767,9767013,14563,0.733317
9768,9768009,14547,0.732511
9769,9769008,14355,0.722843
9770,9770008,14099,0.709952
9771,9771012,13843,0.697061
9772,9772009,13731,0.691421
9773,9773012,13763,0.693033
9774,9774009,13939,0.701895
9775,9775013,14211,0.715592
9776,9776009,14451,0.727677
9777,9777014,14563,0.733317
9778,9778012,14547,0.732511
9779,9779009,14371,0.723648
9780,9780012,14083,0.709146
9781,9781009,13859,0.697867
9782,9782013,13715,0.690616
9783,9783009,13747,0.692227
9784,9784013,13939,0.701895
9785,9785012,14179,0.713980
9786,9786010,14435,0.726871
9787,9787013,14579,0.734122
9788,9788010,14547,0.732511
9789,9789014,14355,0.722843
9790,9790010,14083,0.709146
9791,9791014,13843,0.697061
9792,9792011,13715,0.690616
9793,9793009,13747,0.692227
9794,9794014,13939,0.701895
9795,9795011,14195,0.714786
9796,9796015,14451,0.727677
9797,9797011,14563,0.733317
9798,9798015,14547,0.732511
9799,9799012,14371,0.723648
9800,9800008,14083,0.709146
9801,9801015,13843,0.697061
9802,9802013,13715,0.690616
9803,9803010,13763,0.693033
9804,9804014,13923,0.701090
9805,9805010,14195,0.714786
9806,9806014,14451,0.727677
9807,9807011,14563,0.733317
9808,9808015,14547,0.732511
9809,9809014,14355,0.722843
9810,9810012,14083,0.709146
9811,9811008,13843,0.697061
9812,9812012,13715,0.690616
9813,9813009,13747,0.692227
9814,9814012,13923,0.701090
9815,9815009,14179,0.713980
9816,9816013,14403,0.725260
9817,9817012,14531,0.731705
9818,9818009,14499,0.730094
9819,9819013,14355,0.722843
9820,9820009,14051,0.707535
9821,9821013,13811,0.695450
9822,9822010,13715,0.690616
9823,9823013,13715,0.690616
9824,9824010,13891,0.699478
9825,9825009,14179,0.713980
9826,9826010,14403,0.725260
9827,9827008,14531,0.731705
9828,9828012,14531,0.731705
9829,9829009,14339,0.722037
9830,9830012,14067,0.708341
9831,9831009,13811,0.695450
9832,9832013,13699,0.689810
9833,9833014,13731,0.691421
9834,9834011,13907,0.700284
9835,9835015,14147,0.712369
9836,9836011,14419,0.726065
9837,9837015,14563,0.733317
9838,9838012,14499,0.730094
9839,9839008,14307,0.720426
9840,9840012,14067,0.708341
9841,9841012,13843,0.697061
9842,9842009,13699,0.689810
9843,9843013,13747,0.692227
9844,9844010,13923,0.701090
9845,9845014,14195,0.714786
9846,9846010,14419,0.726065
9847,9847014,14579,0.734122
9848,9848011,14531,0.731705
9849,9849012,14355,0.722843
9850,9850009,14099,0.709952
9851,9851013,13843,0.697061
9852,9852009,13699,0.689810
9853,9853013,13747,0.692227
9854,9854010,13923,0.701090
9855,9855014,14179,0.713980
9856,9856010,14435,0.726871
9857,9857011,14579,0.734122
9858,9858008,14547,0.732511
9859,9859012,14355,0.722843
9860,9860009,14099,0.709952
9861,9861013,13827,0.696255
9862,9862009,13731,0.691421
9863,9863013,13747,0.692227
9864,9864009,13923,0.701090
9865,9865011,14179,0.713980
9866,9866009,14435,0.726871
9867,9867013,14563,0.733317
9868,9868010,14531,0.731705
9869,9869013,14355,0.722843
9870,9870010,14083,0.709146
9871,9871014,13843,0.697061
9872,9872010,13715,0.690616
9873,9873011,13763,0.693033
9874,9874015,13923,0.701090
9875,9875012,14179,0.713980
9876,9876008,14435,0.726871
9877,9877012,14579,0.734122
9878,9878009,14531,0.731705
9879,9879012,14355,0.722843
9880,9880009,14083,0.709146
9881,9881010,13827,0.696255
9882,9882009,13731,0.691421
9883,9883012,13747,0.692227
9884,9884009,13923,0.701090
9885,9885013,14195,0.714786
9886,9886009,14435,0.726871
9887,9887013,14579,0.734122
9888,9888010,14531,0.731705
9889,9889009,14355,0.722843
9890,9890015,14067,0.708341
9891,9891012,13843,0.697061
9892,9892008,13715,0.690616
9893,9893012,13747,0.692227
9894,9894008,13923,0.701090
9895,9895012,14195,0.714786
9896,9896009,14435,0.726871
9897,9897012,14563,0.733317
9898,9898011,14531,0.731705
9899,9899015,14355,0.722843
9900,9900011,14083,0.709146
9901,9901015,13843,0.697061
9902,9902012,13715,0.690616
9903,9903008,13747,0.692227
9904,9904012,13939,0.701895
9905,9905014,14195,0.714786
9906,9906013,14435,0.726871
9907,9907009,14563,0.733317
9908,9908013,14531,0.731705
9909,9909010,14339,0.722037
9910,9910013,14083,0.709146
9911,9911010,13843,0.697061
9912,9912014,13715,0.690616
9913,9913009,13731,0.691421
9914,9914013,13923,0.701090
9915,9915010,14179,0.713980
9916,9916014,14435,0.726871
9917,9917010,14563,0.733317
9918,9918014,14547,0.732511
9919,9919011,14339,0.722037
9920,9920014,14083,0.709146
9921,9921011,13827,0.696255
9922,9922010,13731,0.691421
9923,9923014,13747,0.692227
9924,9924011,13923,0.701090
9925,9925015,14195,0.714786
9926,9926011,14435,0.726871
9927,9927015,14579,0.734122
9928,9928012,14531,0.731705
9929,9929015,14355,0.722843
9930,9930012,14083,0.709146
9931,9931009,13843,0.697061
9932,9932013,13715,0.690616
9933,9933009,13747,0.692227
9934,9934013,13923,0.701090
9935,9935010,14179,0.713980
9936,9936013,14435,0.726871
9937,9937010,14579,0.734122
9938,9938015,14531,0.731705
9939,9939011,14355,0.722843
9940,9940015,14099,0.709952
9941,9941012,13827,0.696255
9942,9942008,13699,0.689810
9943,9943012,13715,0.690616
9944,9944008,13923,0.701090
9945,9945012,14179,0.713980
9946,9946009,14435,0.726871
9947,9947013,14563,0.733317
9948,9948010,14531,0.731705
9949,9949013,14371,0.723648
9950,9950010,14099,0.709952
9951,9951014,13843,0.697061
9952,9952010,13715,0.690616
9953,9953016,13747,0.692227
9954,9954011,13923,0.701090
9955,9955008,14179,0.713980
9956,9956012,14435,0.726871
9957,9957008,14563,0.733317
9958,9958012,14547,0.732511
9959,9959009,14355,0.722843
9960,9960013,14083,0.709146
9961,9961011,13843,0.697061
9962,9962010,13715,0.690616
9963,9963014,13763,0.693033
9964,9964011,13923,0.701090
9965,9965014,14179,0.713980
9966,9966011,14435,0.726871
9967,9967015,14563,0.733317
9968,9968011,14515,0.730900
9969,9969009,14339,0.722037
9970,9970013,14083,0.709146
9971,9971010,13843,0.697061
9972,9972014,13715,0.690616
9973,9973010,13747,0.692227
9974,9974014,13939,0.701895
9975,9975011,14195,0.714786
9976,9976015,14435,0.726871
9977,9977014,14563,0.733317
9978,9978012,14515,0.730900
9979,9979008,14355,0.722843
9980,9980012,14083,0.709146
9981,9981009,13843,0.697061
9982,9982013,13715,0.690616
9983,9983009,13747,0.692227
9984,9984013,13923,0.701090
9985,9985011,14179,0.713980
9986,9986009,14451,0.727677
9987,9987013,14563,0.733317
9988,9988009,14547,0.732511
9989,9989013,14371,0.723648
9990,9990009,14083,0.709146
9991,9991013,13843,0.697061
9992,9992010,13715,0.690616
9993,9993015,13747,0.692227
9994,9994014,13923,0.701090
9995,9995011,14179,0.713980
9996,9996014,14435,0.726871
9997,9997011,14563,0.733317
9998,9998015,14531,0.731705
9999,9999011,14355,0.722843
